lag_2,lag_1,y
4.478125095367432,4.574999809265137,3.756249904632568
4.574999809265137,3.756249904632568,3.634375095367432
3.756249904632568,3.634375095367432,3.525000095367432
3.634375095367432,3.525000095367432,3.631249904632568
3.525000095367432,3.631249904632568,3.5
3.631249904632568,3.5,3.400000095367432
3.5,3.400000095367432,3.359375
3.400000095367432,3.359375,3.431250095367432
3.359375,3.431250095367432,3.259375095367432
3.431250095367432,3.259375095367432,3.375
3.259375095367432,3.375,3.3499999046325684
3.375,3.3499999046325684,3.231250047683716
3.3499999046325684,3.231250047683716,3.668750047683716
3.231250047683716,3.668750047683716,3.5625
3.668750047683716,3.5625,3.5
3.5625,3.5,3.387500047683716
3.5,3.387500047683716,3.321875095367432
3.387500047683716,3.321875095367432,3.237499952316284
3.321875095367432,3.237499952316284,3.53125
3.237499952316284,3.53125,3.612499952316284
3.53125,3.612499952316284,4.296875
3.612499952316284,4.296875,4.137499809265137
4.296875,4.137499809265137,3.84375
4.137499809265137,3.84375,4.199999809265137
3.84375,4.199999809265137,4.186718940734863
4.199999809265137,4.186718940734863,3.993750095367432
4.186718940734863,3.993750095367432,3.956249952316284
3.993750095367432,3.956249952316284,3.787499904632568
3.956249952316284,3.787499904632568,3.809375047683716
3.787499904632568,3.809375047683716,3.671875
3.809375047683716,3.671875,3.565624952316284
3.671875,3.565624952316284,3.450000047683716
3.565624952316284,3.450000047683716,3.325000047683716
3.450000047683716,3.325000047683716,3.587500095367432
3.325000047683716,3.587500095367432,3.5687499046325684
3.587500095367432,3.5687499046325684,3.46875
3.5687499046325684,3.46875,3.359375
3.46875,3.359375,3.4484379291534424
3.359375,3.4484379291534424,3.424999952316284
3.4484379291534424,3.424999952316284,3.25
3.424999952316284,3.25,3.237499952316284
3.25,3.237499952316284,3.362499952316284
3.237499952316284,3.362499952316284,3.290625095367432
3.362499952316284,3.290625095367432,3.237499952316284
3.290625095367432,3.237499952316284,3.450000047683716
3.237499952316284,3.450000047683716,3.426563024520874
3.450000047683716,3.426563024520874,3.331249952316284
3.426563024520874,3.331249952316284,3.346874952316284
3.331249952316284,3.346874952316284,3.2562499046325684
3.346874952316284,3.2562499046325684,3.3187499046325684
3.2562499046325684,3.3187499046325684,3.3187499046325684
3.3187499046325684,3.3187499046325684,3.2249999046325684
3.3187499046325684,3.2249999046325684,3.650000095367432
3.2249999046325684,3.650000095367432,3.700000047683716
3.650000095367432,3.700000047683716,3.546875
3.700000047683716,3.546875,3.762500047683716
3.546875,3.762500047683716,3.756249904632568
3.762500047683716,3.756249904632568,3.637500047683716
3.756249904632568,3.637500047683716,3.493750095367432
3.637500047683716,3.493750095367432,3.368750095367432
3.493750095367432,3.368750095367432,3.356250047683716
3.368750095367432,3.356250047683716,3.284374952316284
3.356250047683716,3.284374952316284,3.2718749046325684
3.284374952316284,3.2718749046325684,3.246875047683716
3.2718749046325684,3.246875047683716,3.275000095367432
3.246875047683716,3.275000095367432,3.431250095367432
3.275000095367432,3.431250095367432,3.421875
3.431250095367432,3.421875,3.299999952316284
3.421875,3.299999952316284,3.21875
3.299999952316284,3.21875,2.9375
3.21875,2.9375,2.618750095367432
2.9375,2.618750095367432,2.5999999046325684
2.618750095367432,2.5999999046325684,2.8125
2.5999999046325684,2.8125,2.765625
2.8125,2.765625,2.684375047683716
2.765625,2.684375047683716,2.578125
2.684375047683716,2.578125,2.706249952316284
2.578125,2.706249952316284,2.871875047683716
2.706249952316284,2.871875047683716,2.762500047683716
2.871875047683716,2.762500047683716,2.78125
2.762500047683716,2.78125,3.015625
2.78125,3.015625,3.0
3.015625,3.0,2.828125
3.0,2.828125,2.825000047683716
2.828125,2.825000047683716,2.931250095367432
2.825000047683716,2.931250095367432,2.962500095367432
2.931250095367432,2.962500095367432,2.887500047683716
2.962500095367432,2.887500047683716,2.768749952316284
2.887500047683716,2.768749952316284,2.7874999046325684
2.768749952316284,2.7874999046325684,2.825000047683716
2.7874999046325684,2.825000047683716,2.825000047683716
2.825000047683716,2.825000047683716,2.993750095367432
2.825000047683716,2.993750095367432,3.118750095367432
2.993750095367432,3.118750095367432,3.043750047683716
3.118750095367432,3.043750047683716,2.7874999046325684
3.043750047683716,2.7874999046325684,2.65625
2.7874999046325684,2.65625,2.59375
2.65625,2.59375,2.487499952316284
2.59375,2.487499952316284,2.5
2.487499952316284,2.5,2.387500047683716
2.5,2.387500047683716,2.59375
2.387500047683716,2.59375,2.612499952316284
2.59375,2.612499952316284,2.556250095367432
2.612499952316284,2.556250095367432,2.90625
2.556250095367432,2.90625,2.8125
2.90625,2.8125,2.728125095367432
2.8125,2.728125095367432,2.609375
2.728125095367432,2.609375,2.671875
2.609375,2.671875,2.6624999046325684
2.671875,2.6624999046325684,2.609375
2.6624999046325684,2.609375,2.4749999046325684
2.609375,2.4749999046325684,2.493750095367432
2.4749999046325684,2.493750095367432,2.3968749046325684
2.493750095367432,2.3968749046325684,2.371875047683716
2.3968749046325684,2.371875047683716,2.293750047683716
2.371875047683716,2.293750047683716,2.431250095367432
2.293750047683716,2.431250095367432,2.346874952316284
2.431250095367432,2.346874952316284,2.321875095367432
2.346874952316284,2.321875095367432,1.850000023841858
2.321875095367432,1.850000023841858,1.7664060592651367
1.850000023841858,1.7664060592651367,1.924999952316284
1.7664060592651367,1.924999952316284,1.996875047683716
1.924999952316284,1.996875047683716,1.924999952316284
1.996875047683716,1.924999952316284,1.862499952316284
1.924999952316284,1.862499952316284,1.875
1.862499952316284,1.875,1.924999952316284
1.875,1.924999952316284,1.868749976158142
1.924999952316284,1.868749976158142,1.850000023841858
1.868749976158142,1.850000023841858,1.818750023841858
1.850000023841858,1.818750023841858,1.7625000476837158
1.818750023841858,1.7625000476837158,1.806249976158142
1.7625000476837158,1.806249976158142,1.7999999523162842
1.806249976158142,1.7999999523162842,2.160156011581421
1.7999999523162842,2.160156011581421,2.196875095367432
2.160156011581421,2.196875095367432,2.181250095367432
2.196875095367432,2.181250095367432,2.078125
2.181250095367432,2.078125,2.168750047683716
2.078125,2.168750047683716,2.125
2.168750047683716,2.125,2.0687499046325684
2.125,2.0687499046325684,1.9375
2.0687499046325684,1.9375,1.8359379768371584
1.9375,1.8359379768371584,1.600000023841858
1.8359379768371584,1.600000023841858,1.6062500476837158
1.600000023841858,1.6062500476837158,1.5125000476837158
1.6062500476837158,1.5125000476837158,1.6124999523162842
1.5125000476837158,1.6124999523162842,1.600000023841858
1.6124999523162842,1.600000023841858,1.587499976158142
1.600000023841858,1.587499976158142,1.709375023841858
1.587499976158142,1.709375023841858,1.712499976158142
1.709375023841858,1.712499976158142,1.6687500476837158
1.712499976158142,1.6687500476837158,1.618749976158142
1.6687500476837158,1.618749976158142,1.587499976158142
1.618749976158142,1.587499976158142,1.7000000476837158
1.587499976158142,1.7000000476837158,1.759374976158142
1.7000000476837158,1.759374976158142,1.915624976158142
1.759374976158142,1.915624976158142,1.993749976158142
1.915624976158142,1.993749976158142,1.953125
1.993749976158142,1.953125,2.0062499046325684
1.953125,2.0062499046325684,1.993749976158142
2.0062499046325684,1.993749976158142,1.909374952316284
1.993749976158142,1.909374952316284,1.975000023841858
1.909374952316284,1.975000023841858,2.025000095367432
1.975000023841858,2.025000095367432,2.003124952316284
2.025000095367432,2.003124952316284,2.125
2.003124952316284,2.125,2.043750047683716
2.125,2.043750047683716,2.1984379291534424
2.043750047683716,2.1984379291534424,2.159374952316284
2.1984379291534424,2.159374952316284,2.125
2.159374952316284,2.125,2.315624952316284
2.125,2.315624952316284,2.481250047683716
2.315624952316284,2.481250047683716,2.3499999046325684
2.481250047683716,2.3499999046325684,2.25
2.3499999046325684,2.25,2.2609379291534424
2.25,2.2609379291534424,2.2093749046325684
2.2609379291534424,2.2093749046325684,2.15625
2.2093749046325684,2.15625,2.299999952316284
2.15625,2.299999952316284,2.2718749046325684
2.299999952316284,2.2718749046325684,2.231250047683716
2.2718749046325684,2.231250047683716,2.137500047683716
2.231250047683716,2.137500047683716,2.025000095367432
2.137500047683716,2.025000095367432,2.025000095367432
2.025000095367432,2.025000095367432,2.106250047683716
2.025000095367432,2.106250047683716,2.128124952316284
2.106250047683716,2.128124952316284,2.056250095367432
2.128124952316284,2.056250095367432,1.981250047683716
2.056250095367432,1.981250047683716,2.012500047683716
1.981250047683716,2.012500047683716,2.0625
2.012500047683716,2.0625,1.921875
2.0625,1.921875,1.862499952316284
1.921875,1.862499952316284,1.853124976158142
1.862499952316284,1.853124976158142,1.831249952316284
1.853124976158142,1.831249952316284,1.662500023841858
1.831249952316284,1.662500023841858,1.5281250476837158
1.662500023841858,1.5281250476837158,1.635938048362732
1.5281250476837158,1.635938048362732,1.5125000476837158
1.635938048362732,1.5125000476837158,1.4406249523162842
1.5125000476837158,1.4406249523162842,1.443750023841858
1.4406249523162842,1.443750023841858,1.415624976158142
1.443750023841858,1.415624976158142,1.259374976158142
1.415624976158142,1.259374976158142,1.2687499523162842
1.259374976158142,1.2687499523162842,1.40625
1.2687499523162842,1.40625,1.5625
1.40625,1.5625,1.5187499523162842
1.5625,1.5187499523162842,1.693750023841858
1.5187499523162842,1.693750023841858,1.825000047683716
1.693750023841858,1.825000047683716,1.875
1.825000047683716,1.875,1.875
1.875,1.875,1.71875
1.875,1.71875,1.84375
1.71875,1.84375,2.0
1.84375,2.0,1.993749976158142
2.0,1.993749976158142,2.043750047683716
1.993749976158142,2.043750047683716,1.931249976158142
2.043750047683716,1.931249976158142,1.971874952316284
1.931249976158142,1.971874952316284,1.850000023841858
1.971874952316284,1.850000023841858,1.649999976158142
1.850000023841858,1.649999976158142,1.59375
1.649999976158142,1.59375,1.5054689645767212
1.59375,1.5054689645767212,1.493749976158142
1.5054689645767212,1.493749976158142,1.540624976158142
1.493749976158142,1.540624976158142,1.524999976158142
1.540624976158142,1.524999976158142,1.4812500476837158
1.524999976158142,1.4812500476837158,1.396875023841858
1.4812500476837158,1.396875023841858,1.34375
1.396875023841858,1.34375,1.375
1.34375,1.375,1.4562499523162842
1.375,1.4562499523162842,1.537500023841858
1.4562499523162842,1.537500023841858,1.3093750476837158
1.537500023841858,1.3093750476837158,1.375
1.3093750476837158,1.375,1.3093750476837158
1.375,1.3093750476837158,1.337499976158142
1.3093750476837158,1.337499976158142,1.359375
1.337499976158142,1.359375,1.381250023841858
1.359375,1.381250023841858,1.2999999523162842
1.381250023841858,1.2999999523162842,1.171875
1.2999999523162842,1.171875,1.234375
1.171875,1.234375,1.306249976158142
1.234375,1.306249976158142,1.375
1.306249976158142,1.375,1.3312499523162842
1.375,1.3312499523162842,1.234375
1.3312499523162842,1.234375,1.212499976158142
1.234375,1.212499976158142,1.0593750476837158
1.212499976158142,1.0593750476837158,1.0437500476837158
1.0593750476837158,1.0437500476837158,0.893750012
1.0437500476837158,0.893750012,0.887499988
0.893750012,0.887499988,0.8273440003395081
0.887499988,0.8273440003395081,0.925000012
0.8273440003395081,0.925000012,0.871874988
0.925000012,0.871874988,0.912500024
0.871874988,0.912500024,0.856249988
0.912500024,0.856249988,0.800000012
0.856249988,0.800000012,0.893750012
0.800000012,0.893750012,0.878125012
0.893750012,0.878125012,0.793749988
0.878125012,0.793749988,0.778124988
0.793749988,0.778124988,0.831250012
0.778124988,0.831250012,0.8500000238418579
0.831250012,0.8500000238418579,0.8656250238418579
0.8500000238418579,0.8656250238418579,0.925000012
0.8656250238418579,0.925000012,0.918749988
0.925000012,0.918749988,0.978124976
0.918749988,0.978124976,0.975000024
0.978124976,0.975000024,1.0187499523162842
0.975000024,1.0187499523162842,0.996874988
1.0187499523162842,0.996874988,0.965624988
0.996874988,0.965624988,1.118749976158142
0.965624988,1.118749976158142,1.087499976158142
1.118749976158142,1.087499976158142,1.024999976158142
1.087499976158142,1.024999976158142,1.037500023841858
1.024999976158142,1.037500023841858,1.0343749523162842
1.037500023841858,1.0343749523162842,0.978124976
1.0343749523162842,0.978124976,0.859375
0.978124976,0.859375,0.809374988
0.859375,0.809374988,0.746874988
0.809374988,0.746874988,0.793749988
0.746874988,0.793749988,0.7906249761581421
0.793749988,0.7906249761581421,0.793749988
0.7906249761581421,0.793749988,0.737500012
0.793749988,0.737500012,0.75
0.737500012,0.75,0.753125012
0.75,0.753125012,0.737500012
0.753125012,0.737500012,0.731249988
0.737500012,0.731249988,0.706250012
0.731249988,0.706250012,0.684374988
0.706250012,0.684374988,0.625
0.684374988,0.625,0.606249988
0.625,0.606249988,0.6031249761581421
0.606249988,0.6031249761581421,0.612500012
0.6031249761581421,0.612500012,0.606249988
0.612500012,0.606249988,0.5874999761581421
0.606249988,0.5874999761581421,0.534375012
0.5874999761581421,0.534375012,0.53125
0.534375012,0.53125,0.653124988
0.53125,0.653124988,0.699999988
0.653124988,0.699999988,0.628125012
0.699999988,0.628125012,0.6000000238418579
0.628125012,0.6000000238418579,0.625
0.6000000238418579,0.625,0.5843750238418579
0.625,0.5843750238418579,0.5531250238418579
0.5843750238418579,0.5531250238418579,0.546875
0.5531250238418579,0.546875,0.5718749761581421
0.546875,0.5718749761581421,0.5531250238418579
0.5718749761581421,0.5531250238418579,0.565625012
0.5531250238418579,0.565625012,0.574999988
0.565625012,0.574999988,0.5218750238418579
0.574999988,0.5218750238418579,0.512499988
0.5218750238418579,0.512499988,0.5406249761581421
0.512499988,0.5406249761581421,0.5644999742507935
0.5406249761581421,0.5644999742507935,0.5899999737739563
0.5644999742507935,0.5899999737739563,0.5580000281333923
0.5899999737739563,0.5580000281333923,0.5515000224113464
0.5580000281333923,0.5515000224113464,0.5419999957084656
0.5515000224113464,0.5419999957084656,0.5264999866485596
0.5419999957084656,0.5264999866485596,0.457500011
0.5264999866485596,0.457500011,0.449999988
0.457500011,0.449999988,0.4650000035762787
0.449999988,0.4650000035762787,0.4449999928474426
0.4650000035762787,0.4449999928474426,0.5950000286102295
0.4449999928474426,0.5950000286102295,0.675000012
0.5950000286102295,0.675000012,0.6825000047683716
0.675000012,0.6825000047683716,0.7505000233650208
0.6825000047683716,0.7505000233650208,0.7269999980926514
0.7505000233650208,0.7269999980926514,0.7434999942779541
0.7269999980926514,0.7434999942779541,0.9079999923706056
0.7434999942779541,0.9079999923706056,0.8450000286102295
0.9079999923706056,0.8450000286102295,0.8100000023841858
0.8450000286102295,0.8100000023841858,0.8730000257492065
0.8100000023841858,0.8730000257492065,0.8399999737739563
0.8730000257492065,0.8399999737739563,0.8050000071525574
0.8399999737739563,0.8050000071525574,0.824999988
0.8050000071525574,0.824999988,0.7864999771118164
0.824999988,0.7864999771118164,0.8450000286102295
0.7864999771118164,0.8450000286102295,0.8500000238418579
0.8450000286102295,0.8500000238418579,0.8715000152587891
0.8500000238418579,0.8715000152587891,0.8500000238418579
0.8715000152587891,0.8500000238418579,0.8799999952316284
0.8500000238418579,0.8799999952316284,0.8765000104904175
0.8799999952316284,0.8765000104904175,0.8245000243186951
0.8765000104904175,0.8245000243186951,0.7829999923706055
0.8245000243186951,0.7829999923706055,0.7820000052452087
0.7829999923706055,0.7820000052452087,0.7400000095367432
0.7820000052452087,0.7400000095367432,0.7264999747276306
0.7400000095367432,0.7264999747276306,0.7149999737739563
0.7264999747276306,0.7149999737739563,0.718999982
0.7149999737739563,0.718999982,0.75
0.718999982,0.75,0.75
0.75,0.75,0.8209999799728394
0.75,0.8209999799728394,0.8500000238418579
0.8209999799728394,0.8500000238418579,0.8399999737739563
0.8500000238418579,0.8399999737739563,0.8374999761581421
0.8399999737739563,0.8374999761581421,0.8765000104904175
0.8374999761581421,0.8765000104904175,0.8769999742507935
0.8765000104904175,0.8769999742507935,0.8500000238418579
0.8769999742507935,0.8500000238418579,0.8600000143051147
0.8500000238418579,0.8600000143051147,0.8654999732971191
0.8600000143051147,0.8654999732971191,0.8700000047683716
0.8654999732971191,0.8700000047683716,0.8960000276565552
0.8700000047683716,0.8960000276565552,0.8360000252723694
0.8960000276565552,0.8360000252723694,0.8115000128746033
0.8360000252723694,0.8115000128746033,0.8165000081062317
0.8115000128746033,0.8165000081062317,0.7774999737739563
0.8165000081062317,0.7774999737739563,0.7394999861717224
0.7774999737739563,0.7394999861717224,0.7574999928474426
0.7394999861717224,0.7574999928474426,0.7059999704360962
0.7574999928474426,0.7059999704360962,0.6729999780654907
0.7059999704360962,0.6729999780654907,0.6349999904632568
0.6729999780654907,0.6349999904632568,0.6324999928474426
0.6349999904632568,0.6324999928474426,0.6349999904632568
0.6324999928474426,0.6349999904632568,0.6600000262260437
0.6349999904632568,0.6600000262260437,0.6635000109672546
0.6600000262260437,0.6635000109672546,0.6570000052452087
0.6635000109672546,0.6570000052452087,0.6869999766349792
0.6570000052452087,0.6869999766349792,0.7124999761581421
0.6869999766349792,0.7124999761581421,0.7294999957084656
0.7124999761581421,0.7294999957084656,0.7325000166893005
0.7294999957084656,0.7325000166893005,0.7354999780654907
0.7325000166893005,0.7354999780654907,0.7250000238418579
0.7354999780654907,0.7250000238418579,0.7724999785423279
0.7250000238418579,0.7724999785423279,0.7860000133514404
0.7724999785423279,0.7860000133514404,0.7950000166893005
0.7860000133514404,0.7950000166893005,0.8059999942779541
0.7950000166893005,0.8059999942779541,0.7900000214576721
0.8059999942779541,0.7900000214576721,0.8270000219345093
0.7900000214576721,0.8270000219345093,0.8500000238418579
0.8270000219345093,0.8500000238418579,0.8709999918937683
0.8500000238418579,0.8709999918937683,0.8245000243186951
0.8709999918937683,0.8245000243186951,0.8324999809265137
0.8245000243186951,0.8324999809265137,0.8399999737739563
0.8324999809265137,0.8399999737739563,0.862500012
0.8399999737739563,0.862500012,0.8565000295639038
0.862500012,0.8565000295639038,0.699999988
0.8565000295639038,0.699999988,0.6154999732971191
0.699999988,0.6154999732971191,0.637499988
0.6154999732971191,0.637499988,0.6215000152587891
0.637499988,0.6215000152587891,0.637499988
0.6215000152587891,0.637499988,0.6430000066757202
0.637499988,0.6430000066757202,0.6430000066757202
0.6430000066757202,0.6430000066757202,0.6299999952316284
0.6430000066757202,0.6299999952316284,0.6194999814033508
0.6299999952316284,0.6194999814033508,0.6100000143051147
0.6194999814033508,0.6100000143051147,0.5950000286102295
0.6100000143051147,0.5950000286102295,0.5774999856948853
0.5950000286102295,0.5774999856948853,0.5584999918937683
0.5774999856948853,0.5584999918937683,0.5325000286102295
0.5584999918937683,0.5325000286102295,0.5149999856948853
0.5325000286102295,0.5149999856948853,0.5519999861717224
0.5149999856948853,0.5519999861717224,0.5414999723434448
0.5519999861717224,0.5414999723434448,0.5074999928474426
0.5414999723434448,0.5074999928474426,0.5044999718666077
0.5074999928474426,0.5044999718666077,0.5205000042915344
0.5044999718666077,0.5205000042915344,0.5394999980926514
0.5205000042915344,0.5394999980926514,0.5115000009536743
0.5394999980926514,0.5115000009536743,0.5080000162124634
0.5115000009536743,0.5080000162124634,0.5149999856948853
0.5080000162124634,0.5149999856948853,0.5134999752044678
0.5149999856948853,0.5134999752044678,0.5074999928474426
0.5134999752044678,0.5074999928474426,0.5024999976158142
0.5074999928474426,0.5024999976158142,0.4745000004768371
0.5024999976158142,0.4745000004768371,0.4650000035762787
0.4745000004768371,0.4650000035762787,0.4595000147819519
0.4650000035762787,0.4595000147819519,0.4339999854564667
0.4595000147819519,0.4339999854564667,0.4095000028610229
0.4339999854564667,0.4095000028610229,0.4305000007152557
0.4095000028610229,0.4305000007152557,0.4325000047683716
0.4305000007152557,0.4325000047683716,0.4025000035762787
0.4325000047683716,0.4025000035762787,0.387499988
0.4025000035762787,0.387499988,0.3725000023841858
0.387499988,0.3725000023841858,0.3819999992847442
0.3725000023841858,0.3819999992847442,0.3860000073909759
0.3819999992847442,0.3860000073909759,0.3914999961853027
0.3860000073909759,0.3914999961853027,0.3785000145435333
0.3914999961853027,0.3785000145435333,0.3614999949932098
0.3785000145435333,0.3614999949932098,0.3319999873638153
0.3614999949932098,0.3319999873638153,0.3235000073909759
0.3319999873638153,0.3235000073909759,0.3050000071525574
0.3235000073909759,0.3050000071525574,0.3084999918937683
0.3050000071525574,0.3084999918937683,0.3605000078678131
0.3084999918937683,0.3605000078678131,0.3935000002384186
0.3605000078678131,0.3935000002384186,0.395000011
0.3935000002384186,0.395000011,0.3650000095367431
0.395000011,0.3650000095367431,0.356000006
0.3650000095367431,0.356000006,0.3655000030994415
0.356000006,0.3655000030994415,0.4079999923706054
0.3655000030994415,0.4079999923706054,0.4074999988079071
0.4079999923706054,0.4074999988079071,0.4600000083446502
0.4074999988079071,0.4600000083446502,0.4875000119209289
0.4600000083446502,0.4875000119209289,0.4995000064373016
0.4875000119209289,0.4995000064373016,0.4614999890327453
0.4995000064373016,0.4614999890327453,0.4259999990463257
0.4614999890327453,0.4259999990463257,0.4415000081062317
0.4259999990463257,0.4415000081062317,0.4799999892711639
0.4415000081062317,0.4799999892711639,0.4074999988079071
0.4799999892711639,0.4074999988079071,0.3889999985694885
0.4074999988079071,0.3889999985694885,0.4004999995231628
0.3889999985694885,0.4004999995231628,0.382999986
0.4004999995231628,0.382999986,0.351500005
0.382999986,0.351500005,0.3510000109672546
0.351500005,0.3510000109672546,0.3549999892711639
0.3510000109672546,0.3549999892711639,0.3474999964237213
0.3549999892711639,0.3474999964237213,0.3600000143051147
0.3474999964237213,0.3600000143051147,0.3564999997615814
0.3600000143051147,0.3564999997615814,0.3840000033378601
0.3564999997615814,0.3840000033378601,0.3835000097751617
0.3840000033378601,0.3835000097751617,0.3610000014305115
0.3835000097751617,0.3610000014305115,0.3619999885559082
0.3610000014305115,0.3619999885559082,0.3765000104904175
0.3619999885559082,0.3765000104904175,0.4745000004768371
0.3765000104904175,0.4745000004768371,0.4950000047683716
0.4745000004768371,0.4950000047683716,0.4675000011920929
0.4950000047683716,0.4675000011920929,0.4749999940395355
0.4675000011920929,0.4749999940395355,0.4650000035762787
0.4749999940395355,0.4650000035762787,0.4485000073909759
0.4650000035762787,0.4485000073909759,0.4569999873638153
0.4485000073909759,0.4569999873638153,0.6110000014305115
0.4569999873638153,0.6110000014305115,0.612500012
0.6110000014305115,0.612500012,0.6200000047683716
0.612500012,0.6200000047683716,0.5950000286102295
0.6200000047683716,0.5950000286102295,0.5774999856948853
0.5950000286102295,0.5774999856948853,0.5540000200271606
0.5774999856948853,0.5540000200271606,0.6025000214576721
0.5540000200271606,0.6025000214576721,0.6399999856948853
0.6025000214576721,0.6399999856948853,0.6200000047683716
0.6399999856948853,0.6200000047683716,0.6150000095367432
0.6200000047683716,0.6150000095367432,0.6075000166893005
0.6150000095367432,0.6075000166893005,0.6215000152587891
0.6075000166893005,0.6215000152587891,0.6215000152587891
0.6215000152587891,0.6215000152587891,0.5899999737739563
0.6215000152587891,0.5899999737739563,0.5600000023841858
0.5899999737739563,0.5600000023841858,0.5569999814033508
0.5600000023841858,0.5569999814033508,0.5680000185966492
0.5569999814033508,0.5680000185966492,0.5575000047683716
0.5680000185966492,0.5575000047683716,0.5414999723434448
0.5575000047683716,0.5414999723434448,0.5529999732971191
0.5414999723434448,0.5529999732971191,0.5109999775886536
0.5529999732971191,0.5109999775886536,0.5640000104904175
0.5109999775886536,0.5640000104904175,0.5745000243186951
0.5640000104904175,0.5745000243186951,0.5540000200271606
0.5745000243186951,0.5540000200271606,0.559499979
0.5540000200271606,0.559499979,0.550000012
0.559499979,0.550000012,0.597000003
0.550000012,0.597000003,0.6200000047683716
0.597000003,0.6200000047683716,0.6255000233650208
0.6200000047683716,0.6255000233650208,0.6159999966621399
0.6255000233650208,0.6159999966621399,0.6085000038146973
0.6159999966621399,0.6085000038146973,0.5835000276565552
0.6085000038146973,0.5835000276565552,0.5669999718666077
0.5835000276565552,0.5669999718666077,0.5414999723434448
0.5669999718666077,0.5414999723434448,0.5210000276565552
0.5414999723434448,0.5210000276565552,0.5005000233650208
0.5210000276565552,0.5005000233650208,0.4925000071525574
0.5005000233650208,0.4925000071525574,0.5274999737739563
0.4925000071525574,0.5274999737739563,0.6395000219345093
0.5274999737739563,0.6395000219345093,0.6299999952316284
0.6395000219345093,0.6299999952316284,0.703000009
0.6299999952316284,0.703000009,0.7695000171661377
0.703000009,0.7695000171661377,0.7885000109672546
0.7695000171661377,0.7885000109672546,0.7774999737739563
0.7885000109672546,0.7774999737739563,0.7124999761581421
0.7774999737739563,0.7124999761581421,0.7245000004768372
0.7124999761581421,0.7245000004768372,0.7045000195503235
0.7245000004768372,0.7045000195503235,0.6545000076293945
0.7045000195503235,0.6545000076293945,0.6144999861717224
0.6545000076293945,0.6144999861717224,0.6000000238418579
0.6144999861717224,0.6000000238418579,0.5924999713897705
0.6000000238418579,0.5924999713897705,0.6334999799728394
0.5924999713897705,0.6334999799728394,0.675000012
0.6334999799728394,0.675000012,0.6620000004768372
0.675000012,0.6620000004768372,0.6664999723434448
0.6620000004768372,0.6664999723434448,0.7129999995231628
0.6664999723434448,0.7129999995231628,0.7020000219345093
0.7129999995231628,0.7020000219345093,0.6919999718666077
0.7020000219345093,0.6919999718666077,0.6700000166893005
0.6919999718666077,0.6700000166893005,0.6825000047683716
0.6700000166893005,0.6825000047683716,0.6614999771118164
0.6825000047683716,0.6614999771118164,0.6869999766349792
0.6614999771118164,0.6869999766349792,0.7245000004768372
0.6869999766349792,0.7245000004768372,0.7365000247955322
0.7245000004768372,0.7365000247955322,0.737500012
0.7365000247955322,0.737500012,0.7699999809265137
0.737500012,0.7699999809265137,0.8245000243186951
0.7699999809265137,0.8245000243186951,0.8339999914169312
0.8245000243186951,0.8339999914169312,0.8295000195503235
0.8339999914169312,0.8295000195503235,0.8475000262260437
0.8295000195503235,0.8475000262260437,0.8479999899864197
0.8475000262260437,0.8479999899864197,0.843999982
0.8479999899864197,0.843999982,0.8295000195503235
0.843999982,0.8295000195503235,0.8169999718666077
0.8295000195503235,0.8169999718666077,0.7749999761581421
0.8169999718666077,0.7749999761581421,0.7145000100135803
0.7749999761581421,0.7145000100135803,0.7639999985694885
0.7145000100135803,0.7639999985694885,0.7699999809265137
0.7639999985694885,0.7699999809265137,0.7565000057220459
0.7699999809265137,0.7565000057220459,0.7620000243186951
0.7565000057220459,0.7620000243186951,0.7799999713897705
0.7620000243186951,0.7799999713897705,0.7864999771118164
0.7799999713897705,0.7864999771118164,0.7724999785423279
0.7864999771118164,0.7724999785423279,0.7174999713897705
0.7724999785423279,0.7174999713897705,0.7325000166893005
0.7174999713897705,0.7325000166893005,0.7400000095367432
0.7325000166893005,0.7400000095367432,0.7544999718666077
0.7400000095367432,0.7544999718666077,0.7225000262260437
0.7544999718666077,0.7225000262260437,0.6899999976158142
0.7225000262260437,0.6899999976158142,0.7020000219345093
0.6899999976158142,0.7020000219345093,0.6980000138282776
0.7020000219345093,0.6980000138282776,0.7294999957084656
0.6980000138282776,0.7294999957084656,0.699999988
0.7294999957084656,0.699999988,0.6639999747276306
0.699999988,0.6639999747276306,0.6804999709129333
0.6639999747276306,0.6804999709129333,0.7049999833106995
0.6804999709129333,0.7049999833106995,0.7145000100135803
0.7049999833106995,0.7145000100135803,0.75
0.7145000100135803,0.75,0.7429999709129333
0.75,0.7429999709129333,0.7369999885559082
0.7429999709129333,0.7369999885559082,0.7425000071525574
0.7369999885559082,0.7425000071525574,0.737500012
0.7425000071525574,0.737500012,0.8424999713897705
0.737500012,0.8424999713897705,0.8525000214576721
0.8424999713897705,0.8525000214576721,0.8475000262260437
0.8525000214576721,0.8475000262260437,0.8500000238418579
0.8475000262260437,0.8500000238418579,0.8379999995231628
0.8500000238418579,0.8379999995231628,0.8525000214576721
0.8379999995231628,0.8525000214576721,0.8324999809265137
0.8525000214576721,0.8324999809265137,0.8199999928474426
0.8324999809265137,0.8199999928474426,0.8245000243186951
0.8199999928474426,0.8245000243186951,0.8174999952316284
0.8245000243186951,0.8174999952316284,0.8730000257492065
0.8174999952316284,0.8730000257492065,0.9114999771118164
0.8730000257492065,0.9114999771118164,0.8980000019073486
0.9114999771118164,0.8980000019073486,0.8815000057220459
0.8980000019073486,0.8815000057220459,0.9725000262260436
0.8815000057220459,0.9725000262260436,1.0199999809265137
0.9725000262260436,1.0199999809265137,0.9975000023841858
1.0199999809265137,0.9975000023841858,1.0
0.9975000023841858,1.0,0.9739999771118164
1.0,0.9739999771118164,0.9900000095367432
0.9739999771118164,0.9900000095367432,0.9564999938011168
0.9900000095367432,0.9564999938011168,0.977500021
0.9564999938011168,0.977500021,0.984499991
0.977500021,0.984499991,0.9804999828338624
0.984499991,0.9804999828338624,0.9549999833106996
0.9804999828338624,0.9549999833106996,0.9470000267028807
0.9549999833106996,0.9470000267028807,0.9445000290870668
0.9470000267028807,0.9445000290870668,0.925000012
0.9445000290870668,0.925000012,0.9070000052452089
0.925000012,0.9070000052452089,0.9089999794960022
0.9070000052452089,0.9089999794960022,0.9204999804496764
0.9089999794960022,0.9204999804496764,0.9325000047683716
0.9204999804496764,0.9325000047683716,0.906000018
0.9325000047683716,0.906000018,0.8895000219345093
0.906000018,0.8895000219345093,0.8575000166893005
0.8895000219345093,0.8575000166893005,0.875
0.8575000166893005,0.875,0.8700000047683716
0.875,0.8700000047683716,0.9240000247955322
0.8700000047683716,0.9240000247955322,0.9580000042915344
0.9240000247955322,0.9580000042915344,0.9549999833106996
0.9580000042915344,0.9549999833106996,0.9190000295639038
0.9549999833106996,0.9190000295639038,0.8895000219345093
0.9190000295639038,0.8895000219345093,0.8889999985694885
0.8895000219345093,0.8889999985694885,0.8475000262260437
0.8889999985694885,0.8475000262260437,0.796500027
0.8475000262260437,0.796500027,0.8234999775886536
0.796500027,0.8234999775886536,0.8180000185966492
0.8234999775886536,0.8180000185966492,0.8084999918937683
0.8180000185966492,0.8084999918937683,0.7080000042915344
0.8084999918937683,0.7080000042915344,0.7229999899864197
0.7080000042915344,0.7229999899864197,0.7615000009536743
0.7229999899864197,0.7615000009536743,0.7925000190734863
0.7615000009536743,0.7925000190734863,0.8015000224113464
0.7925000190734863,0.8015000224113464,0.796999991
0.8015000224113464,0.796999991,0.7919999957084656
0.796999991,0.7919999957084656,0.809499979
0.7919999957084656,0.809499979,0.7990000247955322
0.809499979,0.7990000247955322,0.8535000085830688
0.7990000247955322,0.8535000085830688,0.8579999804496765
0.8535000085830688,0.8579999804496765,0.8295000195503235
0.8579999804496765,0.8295000195503235,0.7854999899864197
0.8295000195503235,0.7854999899864197,0.7825000286102295
0.7854999899864197,0.7825000286102295,0.7940000295639038
0.7825000286102295,0.7940000295639038,0.7080000042915344
0.7940000295639038,0.7080000042915344,0.7005000114440918
0.7080000042915344,0.7005000114440918,0.6554999947547913
0.7005000114440918,0.6554999947547913,0.7229999899864197
0.6554999947547913,0.7229999899864197,0.7450000047683716
0.7229999899864197,0.7450000047683716,0.7329999804496765
0.7450000047683716,0.7329999804496765,0.7250000238418579
0.7329999804496765,0.7250000238418579,0.7070000171661377
0.7250000238418579,0.7070000171661377,0.6894999742507935
0.7070000171661377,0.6894999742507935,0.6949999928474426
0.6894999742507935,0.6949999928474426,0.6970000267028809
0.6949999928474426,0.6970000267028809,0.7049999833106995
0.6970000267028809,0.7049999833106995,0.737500012
0.7049999833106995,0.737500012,0.7245000004768372
0.737500012,0.7245000004768372,0.7335000038146973
0.7245000004768372,0.7335000038146973,0.703000009
0.7335000038146973,0.703000009,0.737500012
0.703000009,0.737500012,0.7505000233650208
0.737500012,0.7505000233650208,0.7760000228881836
0.7505000233650208,0.7760000228881836,0.7994999885559082
0.7760000228881836,0.7994999885559082,0.7985000014305115
0.7994999885559082,0.7985000014305115,0.7975000143051147
0.7985000014305115,0.7975000143051147,0.7860000133514404
0.7975000143051147,0.7860000133514404,0.7720000147819519
0.7860000133514404,0.7720000147819519,0.7634999752044678
0.7720000147819519,0.7634999752044678,0.7484999895095825
0.7634999752044678,0.7484999895095825,0.7595000267028809
0.7484999895095825,0.7595000267028809,0.7689999938011169
0.7595000267028809,0.7689999938011169,0.7515000104904175
0.7689999938011169,0.7515000104904175,0.7480000257492065
0.7515000104904175,0.7480000257492065,0.7360000014305115
0.7480000257492065,0.7360000014305115,0.7739999890327454
0.7360000014305115,0.7739999890327454,0.8324999809265137
0.7739999890327454,0.8324999809265137,0.8675000071525574
0.8324999809265137,0.8675000071525574,0.8924999833106995
0.8675000071525574,0.8924999833106995,0.8565000295639038
0.8924999833106995,0.8565000295639038,0.8495000004768372
0.8565000295639038,0.8495000004768372,0.8464999794960022
0.8495000004768372,0.8464999794960022,0.887499988
0.8464999794960022,0.887499988,0.8964999914169312
0.887499988,0.8964999914169312,0.8820000290870667
0.8964999914169312,0.8820000290870667,0.8820000290870667
0.8820000290870667,0.8820000290870667,0.8220000267028809
0.8820000290870667,0.8220000267028809,0.8184999823570251
0.8220000267028809,0.8184999823570251,0.8195000290870667
0.8184999823570251,0.8195000290870667,0.8675000071525574
0.8195000290870667,0.8675000071525574,0.8700000047683716
0.8675000071525574,0.8700000047683716,0.8424999713897705
0.8700000047683716,0.8424999713897705,0.8529999852180481
0.8424999713897705,0.8529999852180481,0.8820000290870667
0.8529999852180481,0.8820000290870667,0.862500012
0.8820000290870667,0.862500012,0.8575000166893005
0.862500012,0.8575000166893005,0.8479999899864197
0.8575000166893005,0.8479999899864197,0.8529999852180481
0.8479999899864197,0.8529999852180481,0.8565000295639038
0.8529999852180481,0.8565000295639038,0.8985000252723694
0.8565000295639038,0.8985000252723694,0.9369999766349792
0.8985000252723694,0.9369999766349792,0.9614999890327454
0.9369999766349792,0.9614999890327454,1.006999969482422
0.9614999890327454,1.006999969482422,0.9829999804496764
1.006999969482422,0.9829999804496764,1.0110000371932983
0.9829999804496764,1.0110000371932983,0.9645000100135804
1.0110000371932983,0.9645000100135804,0.9764999747276306
0.9645000100135804,0.9764999747276306,0.9955000281333924
0.9764999747276306,0.9955000281333924,0.990999997
0.9955000281333924,0.990999997,1.0130000114440918
0.990999997,1.0130000114440918,0.9679999947547911
1.0130000114440918,0.9679999947547911,0.9865000247955322
0.9679999947547911,0.9865000247955322,0.9459999799728394
0.9865000247955322,0.9459999799728394,0.9610000252723694
0.9459999799728394,0.9610000252723694,0.9739999771118164
0.9610000252723694,0.9739999771118164,0.9950000047683716
0.9739999771118164,0.9950000047683716,0.9904999732971193
0.9950000047683716,0.9904999732971193,0.9434999823570251
0.9904999732971193,0.9434999823570251,0.9695000052452089
0.9434999823570251,0.9695000052452089,0.9649999737739564
0.9695000052452089,0.9649999737739564,0.9829999804496764
0.9649999737739564,0.9829999804496764,0.977500021
0.9829999804496764,0.977500021,0.9994999766349792
0.977500021,0.9994999766349792,1.0499999523162842
0.9994999766349792,1.0499999523162842,1.0744999647140503
1.0499999523162842,1.0744999647140503,1.1174999475479126
1.0744999647140503,1.1174999475479126,1.187000036239624
1.1174999475479126,1.187000036239624,1.094499945640564
1.187000036239624,1.094499945640564,1.149999976158142
1.094499945640564,1.149999976158142,1.1924999952316284
1.149999976158142,1.1924999952316284,1.2139999866485596
1.1924999952316284,1.2139999866485596,1.225000023841858
1.2139999866485596,1.225000023841858,1.2100000381469729
1.225000023841858,1.2100000381469729,1.212000012397766
1.2100000381469729,1.212000012397766,1.218999981880188
1.212000012397766,1.218999981880188,1.25
1.218999981880188,1.25,1.1990000009536743
1.25,1.1990000009536743,1.190000057220459
1.1990000009536743,1.190000057220459,1.184000015258789
1.190000057220459,1.184000015258789,1.1345000267028809
1.184000015258789,1.1345000267028809,1.1174999475479126
1.1345000267028809,1.1174999475479126,1.0994999408721924
1.1174999475479126,1.0994999408721924,1.118999958
1.0994999408721924,1.118999958,1.131000042
1.118999958,1.131000042,1.1174999475479126
1.131000042,1.1174999475479126,1.1265000104904177
1.1174999475479126,1.1265000104904177,1.128000020980835
1.1265000104904177,1.128000020980835,1.1130000352859497
1.128000020980835,1.1130000352859497,1.1100000143051147
1.1130000352859497,1.1100000143051147,1.100499987602234
1.1100000143051147,1.100499987602234,1.1234999895095823
1.100499987602234,1.1234999895095823,1.1139999628067017
1.1234999895095823,1.1139999628067017,1.0800000429153442
1.1139999628067017,1.0800000429153442,1.0049999952316284
1.0800000429153442,1.0049999952316284,0.9700000286102296
1.0049999952316284,0.9700000286102296,0.977999985
0.9700000286102296,0.977999985,0.984000027
0.977999985,0.984000027,1.0264999866485596
0.984000027,1.0264999866485596,1.058500051498413
1.0264999866485596,1.058500051498413,1.087499976158142
1.058500051498413,1.087499976158142,1.0800000429153442
1.087499976158142,1.0800000429153442,1.0850000381469729
1.0800000429153442,1.0850000381469729,1.0829999446868896
1.0850000381469729,1.0829999446868896,1.1050000190734863
1.0829999446868896,1.1050000190734863,1.1380000114440918
1.1050000190734863,1.1380000114440918,1.1304999589920044
1.1380000114440918,1.1304999589920044,1.1050000190734863
1.1304999589920044,1.1050000190734863,1.0855000019073486
1.1050000190734863,1.0855000019073486,1.0805000066757202
1.0855000019073486,1.0805000066757202,1.0850000381469729
1.0805000066757202,1.0850000381469729,1.1019999980926514
1.0850000381469729,1.1019999980926514,1.1640000343322754
1.1019999980926514,1.1640000343322754,1.118499994277954
1.1640000343322754,1.118499994277954,1.0985000133514404
1.118499994277954,1.0985000133514404,1.1174999475479126
1.0985000133514404,1.1174999475479126,1.1200000047683716
1.1174999475479126,1.1200000047683716,1.1134999990463257
1.1200000047683716,1.1134999990463257,1.121999979019165
1.1134999990463257,1.121999979019165,1.1069999933242798
1.121999979019165,1.1069999933242798,1.125
1.1069999933242798,1.125,1.1239999532699585
1.125,1.1239999532699585,1.1054999828338623
1.1239999532699585,1.1054999828338623,1.0705000162124634
1.1054999828338623,1.0705000162124634,1.0800000429153442
1.0705000162124634,1.0800000429153442,1.059999942779541
1.0800000429153442,1.059999942779541,1.0499999523162842
1.059999942779541,1.0499999523162842,1.0115000009536743
1.0499999523162842,1.0115000009536743,1.0705000162124634
1.0115000009536743,1.0705000162124634,1.0625
1.0705000162124634,1.0625,1.0750000476837158
1.0625,1.0750000476837158,1.0915000438690186
1.0750000476837158,1.0915000438690186,1.1089999675750732
1.0915000438690186,1.1089999675750732,1.100000023841858
1.1089999675750732,1.100000023841858,1.0989999771118164
1.100000023841858,1.0989999771118164,1.0885000228881836
1.0989999771118164,1.0885000228881836,1.100999951
1.0885000228881836,1.100999951,1.1304999589920044
1.100999951,1.1304999589920044,1.1174999475479126
1.1304999589920044,1.1174999475479126,1.131000042
1.1174999475479126,1.131000042,1.1425000429153442
1.131000042,1.1425000429153442,1.1519999504089355
1.1425000429153442,1.1519999504089355,1.1480000019073486
1.1519999504089355,1.1480000019073486,1.1460000276565552
1.1480000019073486,1.1460000276565552,1.1690000295639038
1.1460000276565552,1.1690000295639038,1.2295000553131104
1.1690000295639038,1.2295000553131104,1.2450000047683716
1.2295000553131104,1.2450000047683716,1.3420000076293943
1.2450000047683716,1.3420000076293943,1.3420000076293943
1.3420000076293943,1.3420000076293943,1.3344999551773071
1.3420000076293943,1.3344999551773071,1.381500005722046
1.3344999551773071,1.381500005722046,1.3975000381469729
1.381500005722046,1.3975000381469729,1.3630000352859497
1.3975000381469729,1.3630000352859497,1.3545000553131104
1.3630000352859497,1.3545000553131104,1.3934999704360962
1.3545000553131104,1.3934999704360962,1.4019999504089355
1.3934999704360962,1.4019999504089355,1.3975000381469729
1.4019999504089355,1.3975000381469729,1.337000012397766
1.3975000381469729,1.337000012397766,1.2795000076293943
1.337000012397766,1.2795000076293943,1.3240000009536743
1.2795000076293943,1.3240000009536743,1.3545000553131104
1.3240000009536743,1.3545000553131104,1.3415000438690186
1.3545000553131104,1.3415000438690186,1.378000020980835
1.3415000438690186,1.378000020980835,1.340000033378601
1.378000020980835,1.340000033378601,1.318500042
1.340000033378601,1.318500042,1.2970000505447388
1.318500042,1.2970000505447388,1.312000036239624
1.2970000505447388,1.312000036239624,1.2575000524520874
1.312000036239624,1.2575000524520874,1.2714999914169312
1.2575000524520874,1.2714999914169312,1.274999976158142
1.2714999914169312,1.274999976158142,1.250499963760376
1.274999976158142,1.250499963760376,1.308500051498413
1.250499963760376,1.308500051498413,1.284500002861023
1.308500051498413,1.284500002861023,1.3274999856948853
1.284500002861023,1.3274999856948853,1.3359999656677246
1.3274999856948853,1.3359999656677246,1.4500000476837158
1.3359999656677246,1.4500000476837158,1.4594999551773071
1.4500000476837158,1.4594999551773071,1.4520000219345093
1.4594999551773071,1.4520000219345093,1.4500000476837158
1.4520000219345093,1.4500000476837158,1.434999942779541
1.4500000476837158,1.434999942779541,1.472499966621399
1.434999942779541,1.472499966621399,1.502500057220459
1.472499966621399,1.502500057220459,1.559000015258789
1.502500057220459,1.559000015258789,1.5429999828338623
1.559000015258789,1.5429999828338623,1.537999987602234
1.5429999828338623,1.537999987602234,1.5494999885559082
1.537999987602234,1.5494999885559082,1.590000033378601
1.5494999885559082,1.590000033378601,1.6744999885559082
1.590000033378601,1.6744999885559082,1.659500002861023
1.6744999885559082,1.659500002861023,1.6375000476837158
1.659500002861023,1.6375000476837158,1.6579999923706057
1.6375000476837158,1.6579999923706057,1.6484999656677246
1.6579999923706057,1.6484999656677246,1.6065000295639038
1.6484999656677246,1.6065000295639038,1.5920000076293943
1.6065000295639038,1.5920000076293943,1.6644999980926514
1.5920000076293943,1.6644999980926514,1.652500033378601
1.6644999980926514,1.652500033378601,1.7515000104904177
1.652500033378601,1.7515000104904177,1.7864999771118164
1.7515000104904177,1.7864999771118164,1.7984999418258667
1.7864999771118164,1.7984999418258667,1.8044999837875368
1.7984999418258667,1.8044999837875368,1.8339999914169312
1.8044999837875368,1.8339999914169312,1.7654999494552612
1.8339999914169312,1.7654999494552612,1.7799999713897705
1.7654999494552612,1.7799999713897705,1.7920000553131104
1.7799999713897705,1.7920000553131104,1.812999963760376
1.7920000553131104,1.812999963760376,1.7235000133514404
1.812999963760376,1.7235000133514404,1.718999981880188
1.7235000133514404,1.718999981880188,1.7404999732971191
1.718999981880188,1.7404999732971191,1.7699999809265137
1.7404999732971191,1.7699999809265137,1.7725000381469729
1.7699999809265137,1.7725000381469729,1.7925000190734863
1.7725000381469729,1.7925000190734863,1.818500042
1.7925000190734863,1.818500042,1.861999988555908
1.818500042,1.861999988555908,1.837499976158142
1.861999988555908,1.837499976158142,1.7940000295639038
1.837499976158142,1.7940000295639038,1.7929999828338623
1.7940000295639038,1.7929999828338623,1.7910000085830688
1.7929999828338623,1.7910000085830688,1.806499958
1.7910000085830688,1.806499958,1.8420000076293943
1.806499958,1.8420000076293943,1.8545000553131104
1.8420000076293943,1.8545000553131104,1.840999960899353
1.8545000553131104,1.840999960899353,1.8645000457763672
1.840999960899353,1.8645000457763672,1.8945000171661377
1.8645000457763672,1.8945000171661377,1.9079999923706048
1.8945000171661377,1.9079999923706048,1.955000042915344
1.9079999923706048,1.955000042915344,2.0415000915527344
1.955000042915344,2.0415000915527344,2.0364999771118164
2.0415000915527344,2.0364999771118164,1.975000023841858
2.0364999771118164,1.975000023841858,1.914999961853028
1.975000023841858,1.914999961853028,1.9804999828338623
1.914999961853028,1.9804999828338623,1.9804999828338623
1.9804999828338623,1.9804999828338623,1.9259999990463257
1.9804999828338623,1.9259999990463257,1.8650000095367432
1.9259999990463257,1.8650000095367432,1.8424999713897705
1.8650000095367432,1.8424999713897705,1.7999999523162842
1.8424999713897705,1.7999999523162842,1.7999999523162842
1.7999999523162842,1.7999999523162842,2.012500047683716
1.7999999523162842,2.012500047683716,2.1549999713897705
2.012500047683716,2.1549999713897705,2.0824999809265137
2.1549999713897705,2.0824999809265137,2.108999967575073
2.0824999809265137,2.108999967575073,2.125
2.108999967575073,2.125,2.063499927520752
2.125,2.063499927520752,2.0985000133514404
2.063499927520752,2.0985000133514404,2.0815000534057617
2.0985000133514404,2.0815000534057617,2.014499903
2.0815000534057617,2.014499903,1.9924999475479128
2.014499903,1.9924999475479128,1.997499942779541
1.9924999475479128,1.997499942779541,1.9670000076293943
1.997499942779541,1.9670000076293943,1.9700000286102293
1.9670000076293943,1.9700000286102293,1.9520000219345093
1.9700000286102293,1.9520000219345093,1.9980000257492063
1.9520000219345093,1.9980000257492063,2.0234999656677246
1.9980000257492063,2.0234999656677246,2.0185000896453857
2.0234999656677246,2.0185000896453857,2.0190000534057617
2.0185000896453857,2.0190000534057617,2.1619999408721924
2.0190000534057617,2.1619999408721924,2.2095000743865967
2.1619999408721924,2.2095000743865967,2.197000026702881
2.2095000743865967,2.197000026702881,2.2955000400543213
2.197000026702881,2.2955000400543213,2.3475000858306885
2.2955000400543213,2.3475000858306885,2.308000087738037
2.3475000858306885,2.308000087738037,2.306999921798706
2.308000087738037,2.306999921798706,2.303499937057495
2.306999921798706,2.303499937057495,2.299999952316284
2.303499937057495,2.299999952316284,2.322000026702881
2.299999952316284,2.322000026702881,2.372499942779541
2.322000026702881,2.372499942779541,2.387500047683716
2.372499942779541,2.387500047683716,2.369499921798706
2.387500047683716,2.369499921798706,2.374000072479248
2.369499921798706,2.374000072479248,2.367500066757202
2.374000072479248,2.367500066757202,2.368999958
2.367500066757202,2.368999958,2.361500024795532
2.368999958,2.361500024795532,2.317500114440918
2.361500024795532,2.317500114440918,2.2890000343322754
2.317500114440918,2.2890000343322754,2.2885000705718994
2.2890000343322754,2.2885000705718994,2.3125
2.2885000705718994,2.3125,2.3429999351501465
2.3125,2.3429999351501465,2.4119999408721924
2.3429999351501465,2.4119999408721924,2.3984999656677246
2.4119999408721924,2.3984999656677246,2.376499891281128
2.3984999656677246,2.376499891281128,2.5460000038146973
2.376499891281128,2.5460000038146973,2.565000057220459
2.5460000038146973,2.565000057220459,2.547499895095825
2.565000057220459,2.547499895095825,2.5230000019073486
2.547499895095825,2.5230000019073486,2.498500108718872
2.5230000019073486,2.498500108718872,2.487999916
2.498500108718872,2.487999916,2.463999987
2.487999916,2.463999987,2.509999990463257
2.463999987,2.509999990463257,2.6610000133514404
2.509999990463257,2.6610000133514404,2.711999893188477
2.6610000133514404,2.711999893188477,2.8125
2.711999893188477,2.8125,2.813999891281128
2.8125,2.813999891281128,2.9549999237060547
2.813999891281128,2.9549999237060547,2.9165000915527344
2.9549999237060547,2.9165000915527344,2.934499979019165
2.9165000915527344,2.934499979019165,2.999000072479248
2.934499979019165,2.999000072479248,3.0204999446868896
2.999000072479248,3.0204999446868896,2.995500087738037
3.0204999446868896,2.995500087738037,2.994999885559082
2.995500087738037,2.994999885559082,3.012000084
2.994999885559082,3.012000084,3.057499885559082
3.012000084,3.057499885559082,2.807499885559082
3.057499885559082,2.807499885559082,2.7260000705718994
2.807499885559082,2.7260000705718994,2.746999979019165
2.7260000705718994,2.746999979019165,2.762500047683716
2.746999979019165,2.762500047683716,2.845000028610229
2.762500047683716,2.845000028610229,2.8575000762939453
2.845000028610229,2.8575000762939453,2.875999927520752
2.8575000762939453,2.875999927520752,2.806499958
2.875999927520752,2.806499958,2.8399999141693115
2.806499958,2.8399999141693115,2.874500036239624
2.8399999141693115,2.874500036239624,2.8494999408721924
2.874500036239624,2.8494999408721924,2.8434998989105225
2.8494999408721924,2.8434998989105225,2.7850000858306885
2.8434998989105225,2.7850000858306885,2.700000047683716
2.7850000858306885,2.700000047683716,2.637500047683716
2.700000047683716,2.637500047683716,2.7144999504089355
2.637500047683716,2.7144999504089355,2.756500005722046
2.7144999504089355,2.756500005722046,2.739000082015991
2.756500005722046,2.739000082015991,2.609499931335449
2.739000082015991,2.609499931335449,2.549000024795532
2.609499931335449,2.549000024795532,2.492500066757202
2.549000024795532,2.492500066757202,2.5230000019073486
2.492500066757202,2.5230000019073486,2.4600000381469727
2.5230000019073486,2.4600000381469727,2.572499990463257
2.4600000381469727,2.572499990463257,2.664999961853028
2.572499990463257,2.664999961853028,2.677000045776367
2.664999961853028,2.677000045776367,2.703000068664551
2.677000045776367,2.703000068664551,2.737499952316284
2.703000068664551,2.737499952316284,2.737499952316284
2.737499952316284,2.737499952316284,2.712500095367432
2.737499952316284,2.712500095367432,2.621500015258789
2.712500095367432,2.621500015258789,2.634999990463257
2.621500015258789,2.634999990463257,2.609999895095825
2.634999990463257,2.609999895095825,2.5824999809265137
2.609999895095825,2.5824999809265137,2.508500099182129
2.5824999809265137,2.508500099182129,2.557499885559082
2.508500099182129,2.557499885559082,2.565500020980835
2.557499885559082,2.565500020980835,2.612499952316284
2.565500020980835,2.612499952316284,2.490000009536743
2.612499952316284,2.490000009536743,2.4804999828338623
2.490000009536743,2.4804999828338623,2.444499969482422
2.4804999828338623,2.444499969482422,2.470499992370605
2.444499969482422,2.470499992370605,2.505000114440918
2.470499992370605,2.505000114440918,2.631000042
2.505000114440918,2.631000042,2.694000005722046
2.631000042,2.694000005722046,2.746999979019165
2.694000005722046,2.746999979019165,2.691999912261963
2.746999979019165,2.691999912261963,2.674999952316284
2.691999912261963,2.674999952316284,2.674000024795532
2.674999952316284,2.674000024795532,2.656500101089477
2.674000024795532,2.656500101089477,2.680000066757202
2.656500101089477,2.680000066757202,2.674999952316284
2.680000066757202,2.674999952316284,2.632999897003174
2.674999952316284,2.632999897003174,2.6050000190734863
2.632999897003174,2.6050000190734863,2.6075000762939453
2.6050000190734863,2.6075000762939453,2.651499987
2.6075000762939453,2.651499987,2.749500036239624
2.651499987,2.749500036239624,2.799499988555908
2.749500036239624,2.799499988555908,2.838999987
2.799499988555908,2.838999987,2.818500042
2.838999987,2.818500042,2.8420000076293945
2.818500042,2.8420000076293945,2.8469998836517334
2.8420000076293945,2.8469998836517334,2.8910000324249268
2.8469998836517334,2.8910000324249268,2.880500078201294
2.8910000324249268,2.880500078201294,2.859999895095825
2.880500078201294,2.859999895095825,2.887000084
2.859999895095825,2.887000084,2.7225000858306885
2.887000084,2.7225000858306885,2.602999925613404
2.7225000858306885,2.602999925613404,2.568500042
2.602999925613404,2.568500042,2.532500028610229
2.568500042,2.532500028610229,2.4140000343322754
2.532500028610229,2.4140000343322754,2.2955000400543213
2.4140000343322754,2.2955000400543213,2.3545000553131104
2.2955000400543213,2.3545000553131104,2.3364999294281006
2.3545000553131104,2.3364999294281006,2.3399999141693115
2.3364999294281006,2.3399999141693115,2.3125
2.3399999141693115,2.3125,2.368000030517578
2.3125,2.368000030517578,2.4049999713897705
2.368000030517578,2.4049999713897705,2.384999990463257
2.4049999713897705,2.384999990463257,2.322499990463257
2.384999990463257,2.322499990463257,2.2685000896453857
2.322499990463257,2.2685000896453857,2.308000087738037
2.2685000896453857,2.308000087738037,2.2690000534057617
2.308000087738037,2.2690000534057617,2.262500047683716
2.2690000534057617,2.262500047683716,2.197000026702881
2.262500047683716,2.197000026702881,2.164499998092652
2.197000026702881,2.164499998092652,2.192500114440918
2.164499998092652,2.192500114440918,2.180000066757202
2.192500114440918,2.180000066757202,2.174000024795532
2.180000066757202,2.174000024795532,2.174499988555908
2.174000024795532,2.174499988555908,2.1689999103546143
2.174499988555908,2.1689999103546143,2.2235000133514404
2.1689999103546143,2.2235000133514404,2.241499900817871
2.2235000133514404,2.241499900817871,2.253000020980835
2.241499900817871,2.253000020980835,2.194499969482422
2.253000020980835,2.194499969482422,2.1600000858306885
2.194499969482422,2.1600000858306885,2.118499994277954
2.1600000858306885,2.118499994277954,2.130500078201294
2.118499994277954,2.130500078201294,2.140000104904175
2.130500078201294,2.140000104904175,2.118000030517578
2.140000104904175,2.118000030517578,2.172499895095825
2.118000030517578,2.172499895095825,2.1600000858306885
2.172499895095825,2.1600000858306885,2.1875
2.1600000858306885,2.1875,2.0924999713897705
2.1875,2.0924999713897705,2.086999893188477
2.0924999713897705,2.086999893188477,2.0190000534057617
2.086999893188477,2.0190000534057617,2.109999895095825
2.0190000534057617,2.109999895095825,2.124500036239624
2.109999895095825,2.124500036239624,2.140000104904175
2.124500036239624,2.140000104904175,2.196500062942505
2.140000104904175,2.196500062942505,2.200000047683716
2.196500062942505,2.200000047683716,2.242000102996826
2.200000047683716,2.242000102996826,2.3125
2.242000102996826,2.3125,2.3545000553131104
2.3125,2.3545000553131104,2.3485000133514404
2.3545000553131104,2.3485000133514404,2.3399999141693115
2.3485000133514404,2.3399999141693115,2.407500028610229
2.3399999141693115,2.407500028610229,2.4184999465942383
2.407500028610229,2.4184999465942383,2.4170000553131104
2.4184999465942383,2.4170000553131104,2.382999897003174
2.4170000553131104,2.382999897003174,2.380000114440918
2.382999897003174,2.380000114440918,2.3550000190734863
2.380000114440918,2.3550000190734863,2.3635001182556152
2.3550000190734863,2.3635001182556152,2.390500068664551
2.3635001182556152,2.390500068664551,2.324500084
2.390500068664551,2.324500084,2.4549999237060547
2.324500084,2.4549999237060547,2.344500064849853
2.4549999237060547,2.344500064849853,2.388000011444092
2.344500064849853,2.388000011444092,2.440000057220459
2.388000011444092,2.440000057220459,2.4175000190734863
2.440000057220459,2.4175000190734863,2.3540000915527344
2.4175000190734863,2.3540000915527344,2.317500114440918
2.3540000915527344,2.317500114440918,2.257499933242798
2.317500114440918,2.257499933242798,2.22849988937378
2.257499933242798,2.22849988937378,2.252500057220459
2.22849988937378,2.252500057220459,2.212500095367432
2.252500057220459,2.212500095367432,2.2090001106262207
2.212500095367432,2.2090001106262207,2.1075000762939453
2.2090001106262207,2.1075000762939453,2.1519999504089355
2.1075000762939453,2.1519999504089355,2.157500028610229
2.1519999504089355,2.157500028610229,2.2065000534057617
2.157500028610229,2.2065000534057617,2.196000099182129
2.2065000534057617,2.196000099182129,2.129499912261963
2.196000099182129,2.129499912261963,2.119999885559082
2.129499912261963,2.119999885559082,2.1635000705718994
2.119999885559082,2.1635000705718994,2.0985000133514404
2.1635000705718994,2.0985000133514404,2.0739998817443848
2.0985000133514404,2.0739998817443848,2.115000009536743
2.0739998817443848,2.115000009536743,2.193000078201294
2.115000009536743,2.193000078201294,2.25
2.193000078201294,2.25,2.3914999961853027
2.25,2.3914999961853027,2.434000015258789
2.3914999961853027,2.434000015258789,2.5225000381469727
2.434000015258789,2.5225000381469727,2.560499906539917
2.5225000381469727,2.560499906539917,2.5174999237060547
2.560499906539917,2.5174999237060547,2.575500011444092
2.5174999237060547,2.575500011444092,2.5994999408721924
2.575500011444092,2.5994999408721924,2.6059999465942383
2.5994999408721924,2.6059999465942383,2.5915000438690186
2.6059999465942383,2.5915000438690186,2.5234999656677246
2.5915000438690186,2.5234999656677246,2.499500036239624
2.5234999656677246,2.499500036239624,2.5299999713897705
2.499500036239624,2.5299999713897705,2.5374999046325684
2.5299999713897705,2.5374999046325684,2.5455000400543213
2.5374999046325684,2.5455000400543213,2.513999938964844
2.5455000400543213,2.513999938964844,2.515000104904175
2.513999938964844,2.515000104904175,2.489500045776367
2.515000104904175,2.489500045776367,2.549999952316284
2.489500045776367,2.549999952316284,2.5969998836517334
2.549999952316284,2.5969998836517334,2.5964999198913574
2.5969998836517334,2.5964999198913574,2.701999903
2.5964999198913574,2.701999903,2.697000026702881
2.701999903,2.697000026702881,2.734999895095825
2.697000026702881,2.734999895095825,2.701999903
2.734999895095825,2.701999903,2.6619999408721924
2.701999903,2.6619999408721924,2.630000114440918
2.6619999408721924,2.630000114440918,2.6015000343322754
2.630000114440918,2.6015000343322754,2.498500108718872
2.6015000343322754,2.498500108718872,2.5
2.498500108718872,2.5,2.4674999713897705
2.5,2.4674999713897705,2.499000072479248
2.4674999713897705,2.499000072479248,2.5199999809265137
2.499000072479248,2.5199999809265137,2.4835000038146973
2.5199999809265137,2.4835000038146973,2.453000068664551
2.4835000038146973,2.453000068664551,2.362999916
2.453000068664551,2.362999916,2.3924999237060547
2.362999916,2.3924999237060547,2.380000114440918
2.3924999237060547,2.380000114440918,2.303499937057495
2.380000114440918,2.303499937057495,2.138000011444092
2.303499937057495,2.138000011444092,2.012000084
2.138000011444092,2.012000084,1.995499968528748
2.012000084,1.995499968528748,1.9785000085830688
1.995499968528748,1.9785000085830688,1.9479999542236328
1.9785000085830688,1.9479999542236328,1.9709999561309808
1.9479999542236328,1.9709999561309808,1.937999963760376
1.9709999561309808,1.937999963760376,1.9539999961853027
1.937999963760376,1.9539999961853027,1.8730000257492063
1.9539999961853027,1.8730000257492063,1.8739999532699585
1.8730000257492063,1.8739999532699585,1.8335000276565552
1.8739999532699585,1.8335000276565552,1.815000057220459
1.8335000276565552,1.815000057220459,1.8600000143051147
1.815000057220459,1.8600000143051147,1.8450000286102293
1.8600000143051147,1.8450000286102293,1.8674999475479128
1.8450000286102293,1.8674999475479128,1.850000023841858
1.8674999475479128,1.850000023841858,1.919999957084656
1.850000023841858,1.919999957084656,1.972000002861023
1.919999957084656,1.972000002861023,1.976999998092652
1.972000002861023,1.976999998092652,2.0239999294281006
1.976999998092652,2.0239999294281006,1.995499968528748
2.0239999294281006,1.995499968528748,2.0
1.995499968528748,2.0,1.996500015258789
2.0,1.996500015258789,2.024499893188477
1.996500015258789,2.024499893188477,2.0415000915527344
2.024499893188477,2.0415000915527344,2.0195000171661377
2.0415000915527344,2.0195000171661377,1.997499942779541
2.0195000171661377,1.997499942779541,1.9424999952316284
1.997499942779541,1.9424999952316284,1.950500011444092
1.9424999952316284,1.950500011444092,1.981999993
1.950500011444092,1.981999993,2.000499963760376
1.981999993,2.000499963760376,1.968000054359436
2.000499963760376,1.968000054359436,1.940500020980835
1.968000054359436,1.940500020980835,1.9155000448226929
1.940500020980835,1.9155000448226929,1.940000057220459
1.9155000448226929,1.940000057220459,2.002000093460083
1.940000057220459,2.002000093460083,2.137500047683716
2.002000093460083,2.137500047683716,2.1589999198913574
2.137500047683716,2.1589999198913574,2.213999987
2.1589999198913574,2.213999987,2.1630001068115234
2.213999987,2.1630001068115234,2.199500084
2.1630001068115234,2.199500084,2.188499927520752
2.199500084,2.188499927520752,2.1619999408721924
2.188499927520752,2.1619999408721924,2.109999895095825
2.1619999408721924,2.109999895095825,2.095499992370605
2.109999895095825,2.095499992370605,2.050499916
2.095499992370605,2.050499916,2.0164999961853027
2.050499916,2.0164999961853027,2.0460000038146973
2.0164999961853027,2.0460000038146973,2.063999891281128
2.0460000038146973,2.063999891281128,2.065000057220459
2.063999891281128,2.065000057220459,2.0840001106262207
2.065000057220459,2.0840001106262207,2.0625
2.0840001106262207,2.0625,2.070499897003174
2.0625,2.070499897003174,2.134999990463257
2.070499897003174,2.134999990463257,2.059499979019165
2.134999990463257,2.059499979019165,2.0374999046325684
2.059499979019165,2.0374999046325684,2.0290000438690186
2.0374999046325684,2.0290000438690186,2.077500104904175
2.0290000438690186,2.077500104904175,1.977499961853028
2.077500104904175,1.977499961853028,1.9835000038146973
1.977499961853028,1.9835000038146973,1.9735000133514404
1.9835000038146973,1.9735000133514404,1.9924999475479128
1.9735000133514404,1.9924999475479128,1.9294999837875368
1.9924999475479128,1.9294999837875368,2.009500026702881
1.9294999837875368,2.009500026702881,1.840000033378601
2.009500026702881,1.840000033378601,1.7204999923706057
1.840000033378601,1.7204999923706057,1.7130000591278076
1.7204999923706057,1.7130000591278076,1.7315000295639038
1.7130000591278076,1.7315000295639038,1.7384999990463257
1.7315000295639038,1.7384999990463257,1.722499966621399
1.7384999990463257,1.722499966621399,1.7575000524520874
1.722499966621399,1.7575000524520874,1.8244999647140503
1.7575000524520874,1.8244999647140503,1.881000042
1.8244999647140503,1.881000042,1.8645000457763672
1.881000042,1.8645000457763672,1.869500041007996
1.8645000457763672,1.869500041007996,1.878999948501587
1.869500041007996,1.878999948501587,1.8904999494552608
1.878999948501587,1.8904999494552608,1.9420000314712524
1.8904999494552608,1.9420000314712524,1.950000047683716
1.9420000314712524,1.950000047683716,2.046999931335449
1.950000047683716,2.046999931335449,2.075000047683716
2.046999931335449,2.075000047683716,2.032999992370605
2.075000047683716,2.032999992370605,2.0295000076293945
2.032999992370605,2.0295000076293945,2.0480000972747803
2.0295000076293945,2.0480000972747803,1.972000002861023
2.0480000972747803,1.972000002861023,1.9264999628067017
1.972000002861023,1.9264999628067017,1.9839999675750728
1.9264999628067017,1.9839999675750728,1.9579999446868896
1.9839999675750728,1.9579999446868896,1.9670000076293943
1.9579999446868896,1.9670000076293943,1.9809999465942385
1.9670000076293943,1.9809999465942385,1.9900000095367432
1.9809999465942385,1.9900000095367432,2.0
1.9900000095367432,2.0,2.0369999408721924
2.0,2.0369999408721924,2.0230000019073486
2.0369999408721924,2.0230000019073486,1.9989999532699585
2.0230000019073486,1.9989999532699585,1.987499952316284
1.9989999532699585,1.987499952316284,1.955000042915344
1.987499952316284,1.955000042915344,1.997499942779541
1.955000042915344,1.997499942779541,2.005000114440918
1.997499942779541,2.005000114440918,2.013999938964844
2.005000114440918,2.013999938964844,2.0234999656677246
2.013999938964844,2.0234999656677246,2.049999952316284
2.0234999656677246,2.049999952316284,2.049999952316284
2.049999952316284,2.049999952316284,2.010999917984009
2.049999952316284,2.010999917984009,2.024499893188477
2.010999917984009,2.024499893188477,1.9709999561309808
2.024499893188477,1.9709999561309808,1.9795000553131104
1.9709999561309808,1.9795000553131104,1.9759999513626096
1.9795000553131104,1.9759999513626096,2.1465001106262207
1.9759999513626096,2.1465001106262207,2.256000042
2.1465001106262207,2.256000042,2.2839999198913574
2.256000042,2.2839999198913574,2.276499987
2.2839999198913574,2.276499987,2.274499893188477
2.276499987,2.274499893188477,2.2720000743865967
2.274499893188477,2.2720000743865967,2.1630001068115234
2.2720000743865967,2.1630001068115234,2.138000011444092
2.1630001068115234,2.138000011444092,2.112499952316284
2.138000011444092,2.112499952316284,2.134500026702881
2.112499952316284,2.134500026702881,2.1480000019073486
2.134500026702881,2.1480000019073486,2.1080000400543213
2.1480000019073486,2.1080000400543213,2.124000072479248
2.1080000400543213,2.124000072479248,2.2290000915527344
2.124000072479248,2.2290000915527344,2.2330000400543213
2.2290000915527344,2.2330000400543213,2.25
2.2330000400543213,2.25,2.236999988555908
2.25,2.236999988555908,2.197999954223633
2.236999988555908,2.197999954223633,2.127500057220459
2.197999954223633,2.127500057220459,2.0975000858306885
2.127500057220459,2.0975000858306885,2.072000026702881
2.0975000858306885,2.072000026702881,2.0899999141693115
2.072000026702881,2.0899999141693115,2.119999885559082
2.0899999141693115,2.119999885559082,2.150000095367432
2.119999885559082,2.150000095367432,2.1710000038146973
2.150000095367432,2.1710000038146973,2.1635000705718994
2.1710000038146973,2.1635000705718994,2.177000045776367
2.1635000705718994,2.177000045776367,1.7944999933242798
2.177000045776367,1.7944999933242798,1.7990000247955322
1.7944999933242798,1.7990000247955322,1.7920000553131104
1.7990000247955322,1.7920000553131104,1.825999975204468
1.7920000553131104,1.825999975204468,1.840000033378601
1.825999975204468,1.840000033378601,1.805500030517578
1.840000033378601,1.805500030517578,1.7975000143051147
1.805500030517578,1.7975000143051147,1.8315000534057613
1.7975000143051147,1.8315000534057613,1.8224999904632568
1.8315000534057613,1.8224999904632568,1.8174999952316284
1.8224999904632568,1.8174999952316284,1.7925000190734863
1.8174999952316284,1.7925000190734863,1.787500023841858
1.7925000190734863,1.787500023841858,1.7695000171661377
1.787500023841858,1.7695000171661377,1.7484999895095823
1.7695000171661377,1.7484999895095823,1.7424999475479126
1.7484999895095823,1.7424999475479126,1.7615000009536743
1.7424999475479126,1.7615000009536743,1.7829999923706057
1.7615000009536743,1.7829999923706057,1.7704999446868896
1.7829999923706057,1.7704999446868896,1.7964999675750732
1.7704999446868896,1.7964999675750732,1.7979999780654907
1.7964999675750732,1.7979999780654907,1.815500020980835
1.7979999780654907,1.815500020980835,1.820000052452088
1.815500020980835,1.820000052452088,1.821499943733216
1.820000052452088,1.821499943733216,1.7964999675750732
1.821499943733216,1.7964999675750732,1.7855000495910645
1.7964999675750732,1.7855000495910645,1.743499994277954
1.7855000495910645,1.743499994277954,1.7374999523162842
1.743499994277954,1.7374999523162842,1.7424999475479126
1.7374999523162842,1.7424999475479126,1.722000002861023
1.7424999475479126,1.722000002861023,1.722000002861023
1.722000002861023,1.722000002861023,1.7139999866485596
1.722000002861023,1.7139999866485596,1.7315000295639038
1.7139999866485596,1.7315000295639038,1.6970000267028809
1.7315000295639038,1.6970000267028809,1.6920000314712524
1.6970000267028809,1.6920000314712524,1.694000005722046
1.6920000314712524,1.694000005722046,1.6825000047683716
1.694000005722046,1.6825000047683716,1.7074999809265137
1.6825000047683716,1.7074999809265137,1.725999951
1.7074999809265137,1.725999951,1.7274999618530271
1.725999951,1.7274999618530271,1.7354999780654907
1.7274999618530271,1.7354999780654907,1.758999943733215
1.7354999780654907,1.758999943733215,1.7669999599456787
1.758999943733215,1.7669999599456787,1.7599999904632568
1.7669999599456787,1.7599999904632568,1.746000051498413
1.7599999904632568,1.746000051498413,1.746500015258789
1.746000051498413,1.746500015258789,1.75
1.746500015258789,1.75,1.7319999933242798
1.75,1.7319999933242798,1.7354999780654907
1.7319999933242798,1.7354999780654907,1.725000023841858
1.7354999780654907,1.725000023841858,1.7000000476837158
1.725000023841858,1.7000000476837158,1.6790000200271606
1.7000000476837158,1.6790000200271606,1.6684999465942385
1.6790000200271606,1.6684999465942385,1.687999963760376
1.6684999465942385,1.687999963760376,1.694499969482422
1.687999963760376,1.694499969482422,1.681499958
1.694499969482422,1.681499958,1.6794999837875366
1.681499958,1.6794999837875366,1.6990000009536743
1.6794999837875366,1.6990000009536743,1.587000012397766
1.6990000009536743,1.587000012397766,1.6460000276565552
1.587000012397766,1.6460000276565552,1.6445000171661377
1.6460000276565552,1.6445000171661377,1.6640000343322754
1.6445000171661377,1.6640000343322754,1.6779999732971191
1.6640000343322754,1.6779999732971191,1.7059999704360962
1.6779999732971191,1.7059999704360962,1.7089999914169312
1.7059999704360962,1.7089999914169312,1.7345000505447388
1.7089999914169312,1.7345000505447388,1.7400000095367432
1.7345000505447388,1.7400000095367432,1.7235000133514404
1.7400000095367432,1.7235000133514404,1.725499987602234
1.7235000133514404,1.725499987602234,1.7059999704360962
1.725499987602234,1.7059999704360962,1.7174999713897705
1.7059999704360962,1.7174999713897705,1.7384999990463257
1.7174999713897705,1.7384999990463257,1.741000056266785
1.7384999990463257,1.741000056266785,1.7984999418258667
1.741000056266785,1.7984999418258667,1.7955000400543213
1.7984999418258667,1.7955000400543213,1.7799999713897705
1.7955000400543213,1.7799999713897705,1.8009999990463257
1.7799999713897705,1.8009999990463257,1.778499960899353
1.8009999990463257,1.778499960899353,1.7725000381469729
1.778499960899353,1.7725000381469729,1.784000039100647
1.7725000381469729,1.784000039100647,1.777500033378601
1.784000039100647,1.777500033378601,1.8020000457763672
1.777500033378601,1.8020000457763672,1.8494999408721924
1.8020000457763672,1.8494999408721924,1.8454999923706048
1.8494999408721924,1.8454999923706048,1.825000047683716
1.8454999923706048,1.825000047683716,1.8009999990463257
1.825000047683716,1.8009999990463257,1.809999942779541
1.8009999990463257,1.809999942779541,1.774000049
1.809999942779541,1.774000049,1.7640000581741333
1.774000049,1.7640000581741333,1.7645000219345093
1.7640000581741333,1.7645000219345093,1.7704999446868896
1.7645000219345093,1.7704999446868896,1.7584999799728394
1.7704999446868896,1.7584999799728394,1.7704999446868896
1.7584999799728394,1.7704999446868896,1.7905000448226929
1.7704999446868896,1.7905000448226929,1.803500056266785
1.7905000448226929,1.803500056266785,1.7984999418258667
1.803500056266785,1.7984999418258667,1.7905000448226929
1.7984999418258667,1.7905000448226929,1.7925000190734863
1.7905000448226929,1.7925000190734863,1.777999997138977
1.7925000190734863,1.777999997138977,1.7719999551773071
1.777999997138977,1.7719999551773071,1.752500057220459
1.7719999551773071,1.752500057220459,1.7315000295639038
1.752500057220459,1.7315000295639038,1.7035000324249268
1.7315000295639038,1.7035000324249268,1.6779999732971191
1.7035000324249268,1.6779999732971191,1.663499951
1.6779999732971191,1.663499951,1.7239999771118164
1.663499951,1.7239999771118164,1.7200000286102295
1.7239999771118164,1.7200000286102295,1.725499987602234
1.7200000286102295,1.725499987602234,1.7374999523162842
1.725499987602234,1.7374999523162842,1.784000039100647
1.7374999523162842,1.784000039100647,1.8270000219345093
1.784000039100647,1.8270000219345093,1.8274999856948853
1.8270000219345093,1.8274999856948853,1.871000051498413
1.8274999856948853,1.871000051498413,1.875
1.871000051498413,1.875,1.8595000505447388
1.875,1.8595000505447388,1.9084999561309808
1.8595000505447388,1.9084999561309808,1.912500023841858
1.9084999561309808,1.912500023841858,1.987499952316284
1.912500023841858,1.987499952316284,1.9114999771118164
1.987499952316284,1.9114999771118164,1.9520000219345093
1.9114999771118164,1.9520000219345093,1.9375
1.9520000219345093,1.9375,2.187000036239624
1.9375,2.187000036239624,2.290499925613404
2.187000036239624,2.290499925613404,2.2874999046325684
2.290499925613404,2.2874999046325684,2.259500026702881
2.2874999046325684,2.259500026702881,2.3485000133514404
2.259500026702881,2.3485000133514404,2.309000015258789
2.3485000133514404,2.309000015258789,2.2885000705718994
2.309000015258789,2.2885000705718994,2.2855000495910645
2.2885000705718994,2.2855000495910645,2.2950000762939453
2.2855000495910645,2.2950000762939453,2.322000026702881
2.2950000762939453,2.322000026702881,2.2785000801086426
2.322000026702881,2.2785000801086426,2.260499954223633
2.2785000801086426,2.260499954223633,2.2860000133514404
2.260499954223633,2.2860000133514404,2.2674999237060547
2.2860000133514404,2.2674999237060547,2.246999979019165
2.2674999237060547,2.246999979019165,2.2214999198913574
2.246999979019165,2.2214999198913574,2.194999933242798
2.2214999198913574,2.194999933242798,2.188499927520752
2.194999933242798,2.188499927520752,2.213500022888184
2.188499927520752,2.213500022888184,2.198499917984009
2.213500022888184,2.198499917984009,2.16599988937378
2.198499917984009,2.16599988937378,2.140000104904175
2.16599988937378,2.140000104904175,2.131500005722046
2.140000104904175,2.131500005722046,2.150000095367432
2.131500005722046,2.150000095367432,2.135499954223633
2.150000095367432,2.135499954223633,2.140500068664551
2.135499954223633,2.140500068664551,2.1484999656677246
2.140500068664551,2.1484999656677246,2.102499961853028
2.1484999656677246,2.102499961853028,2.182499885559082
2.102499961853028,2.182499885559082,2.2149999141693115
2.182499885559082,2.2149999141693115,2.174499988555908
2.2149999141693115,2.174499988555908,2.1600000858306885
2.174499988555908,2.1600000858306885,2.247999906539917
2.1600000858306885,2.247999906539917,2.219000101089477
2.247999906539917,2.219000101089477,2.236500024795532
2.219000101089477,2.236500024795532,2.179500102996826
2.236500024795532,2.179500102996826,2.1459999084472656
2.179500102996826,2.1459999084472656,2.171499967575073
2.1459999084472656,2.171499967575073,2.150500059127808
2.171499967575073,2.150500059127808,2.131999969482422
2.150500059127808,2.131999969482422,2.1135001182556152
2.131999969482422,2.1135001182556152,2.131000042
2.1135001182556152,2.131000042,2.1710000038146973
2.131000042,2.1710000038146973,2.186500072479248
2.1710000038146973,2.186500072479248,2.187000036239624
2.186500072479248,2.187000036239624,2.240000009536743
2.187000036239624,2.240000009536743,2.2920000553131104
2.240000009536743,2.2920000553131104,2.3294999599456787
2.2920000553131104,2.3294999599456787,2.305999994277954
2.3294999599456787,2.305999994277954,2.264499903
2.305999994277954,2.264499903,2.240499973297119
2.264499903,2.240499973297119,2.2304999828338623
2.240499973297119,2.2304999828338623,2.219000101089477
2.2304999828338623,2.219000101089477,2.2160000801086426
2.219000101089477,2.2160000801086426,2.184000015258789
2.2160000801086426,2.184000015258789,2.1489999294281006
2.184000015258789,2.1489999294281006,2.193500042
2.1489999294281006,2.193500042,2.250999927520752
2.193500042,2.250999927520752,2.252500057220459
2.250999927520752,2.252500057220459,2.2929999828338623
2.252500057220459,2.2929999828338623,2.303499937057495
2.2929999828338623,2.303499937057495,2.302500009536743
2.303499937057495,2.302500009536743,2.3480000495910645
2.302500009536743,2.3480000495910645,2.3499999046325684
2.3480000495910645,2.3499999046325684,2.055000066757202
2.3499999046325684,2.055000066757202,1.995000004768372
2.055000066757202,1.995000004768372,1.982499957084656
1.995000004768372,1.982499957084656,2.0195000171661377
1.982499957084656,2.0195000171661377,2.0369999408721924
2.0195000171661377,2.0369999408721924,2.061500072479248
2.0369999408721924,2.061500072479248,2.0999999046325684
2.061500072479248,2.0999999046325684,2.0899999141693115
2.0999999046325684,2.0899999141693115,2.073499917984009
2.0899999141693115,2.073499917984009,2.1054999828338623
2.073499917984009,2.1054999828338623,2.0999999046325684
2.1054999828338623,2.0999999046325684,2.122499942779541
2.0999999046325684,2.122499942779541,2.1519999504089355
2.122499942779541,2.1519999504089355,2.150000095367432
2.1519999504089355,2.150000095367432,2.282500028610229
2.150000095367432,2.282500028610229,2.2699999809265137
2.282500028610229,2.2699999809265137,2.338000059127808
2.2699999809265137,2.338000059127808,2.400000095367432
2.338000059127808,2.400000095367432,2.415499925613404
2.400000095367432,2.415499925613404,2.450500011444092
2.415499925613404,2.450500011444092,2.447999954223633
2.450500011444092,2.447999954223633,2.424000024795532
2.447999954223633,2.424000024795532,2.4560000896453857
2.424000024795532,2.4560000896453857,2.4714999198913574
2.4560000896453857,2.4714999198913574,2.434000015258789
2.4714999198913574,2.434000015258789,2.470000028610229
2.434000015258789,2.470000028610229,2.4765000343322754
2.470000028610229,2.4765000343322754,2.4674999713897705
2.4765000343322754,2.4674999713897705,2.494999885559082
2.4674999713897705,2.494999885559082,2.4735000133514404
2.494999885559082,2.4735000133514404,2.4549999237060547
2.4735000133514404,2.4549999237060547,2.451999903
2.4549999237060547,2.451999903,2.4649999141693115
2.451999903,2.4649999141693115,2.4835000038146973
2.4649999141693115,2.4835000038146973,2.4800000190734863
2.4835000038146973,2.4800000190734863,2.497499942779541
2.4800000190734863,2.497499942779541,2.496000051498413
2.497499942779541,2.496000051498413,2.5
2.496000051498413,2.5,2.430000066757202
2.5,2.430000066757202,2.453000068664551
2.430000066757202,2.453000068664551,2.463999987
2.453000068664551,2.463999987,2.469500064849853
2.463999987,2.469500064849853,2.4549999237060547
2.469500064849853,2.4549999237060547,2.427500009536743
2.4549999237060547,2.427500009536743,2.4230000972747803
2.427500009536743,2.4230000972747803,2.4100000858306885
2.4230000972747803,2.4100000858306885,2.3924999237060547
2.4100000858306885,2.3924999237060547,2.3864998817443848
2.3924999237060547,2.3864998817443848,2.4100000858306885
2.3864998817443848,2.4100000858306885,2.428999900817871
2.4100000858306885,2.428999900817871,2.3550000190734863
2.428999900817871,2.3550000190734863,2.337500095367432
2.3550000190734863,2.337500095367432,2.2850000858306885
2.337500095367432,2.2850000858306885,2.254499912261963
2.2850000858306885,2.254499912261963,2.242500066757202
2.254499912261963,2.242500066757202,2.2160000801086426
2.242500066757202,2.2160000801086426,2.2295000553131104
2.2160000801086426,2.2295000553131104,2.262000084
2.2295000553131104,2.262000084,2.2179999351501465
2.262000084,2.2179999351501465,2.237499952316284
2.2179999351501465,2.237499952316284,2.2214999198913574
2.237499952316284,2.2214999198913574,2.2235000133514404
2.2214999198913574,2.2235000133514404,2.239000082015991
2.2235000133514404,2.239000082015991,2.260999917984009
2.239000082015991,2.260999917984009,2.298500061035156
2.260999917984009,2.298500061035156,2.260499954223633
2.298500061035156,2.260499954223633,2.234499931335449
2.260499954223633,2.234499931335449,2.201999903
2.234499931335449,2.201999903,1.924999952316284
2.201999903,1.924999952316284,1.9170000553131104
1.924999952316284,1.9170000553131104,1.909999966621399
1.9170000553131104,1.909999966621399,1.919499993
1.909999966621399,1.919499993,1.950000047683716
1.919499993,1.950000047683716,1.9259999990463257
1.950000047683716,1.9259999990463257,1.9210000038146973
1.9259999990463257,1.9210000038146973,1.924499988555908
1.9210000038146973,1.924499988555908,1.963999987
1.924499988555908,1.963999987,2.0
1.963999987,2.0,1.968999981880188
2.0,1.968999981880188,1.955500007
1.968999981880188,1.955500007,1.955000042915344
1.955500007,1.955000042915344,1.9375
1.955000042915344,1.9375,1.9205000400543213
1.9375,1.9205000400543213,1.9390000104904173
1.9205000400543213,1.9390000104904173,1.9045000076293943
1.9390000104904173,1.9045000076293943,1.8845000267028809
1.9045000076293943,1.8845000267028809,1.850000023841858
1.8845000267028809,1.850000023841858,1.8914999961853027
1.850000023841858,1.8914999961853027,1.878999948501587
1.8914999961853027,1.878999948501587,1.871000051498413
1.878999948501587,1.871000051498413,1.8734999895095823
1.871000051498413,1.8734999895095823,1.8480000495910645
1.8734999895095823,1.8480000495910645,1.825000047683716
1.8480000495910645,1.825000047683716,1.8315000534057613
1.825000047683716,1.8315000534057613,1.850000023841858
1.8315000534057613,1.850000023841858,1.850000023841858
1.850000023841858,1.850000023841858,1.869500041007996
1.850000023841858,1.869500041007996,1.8489999771118164
1.869500041007996,1.8489999771118164,1.8634999990463257
1.8489999771118164,1.8634999990463257,1.836500049
1.8634999990463257,1.836500049,1.8270000219345093
1.836500049,1.8270000219345093,1.8170000314712524
1.8270000219345093,1.8170000314712524,1.805999994277954
1.8170000314712524,1.805999994277954,1.7829999923706057
1.805999994277954,1.7829999923706057,1.8009999990463257
1.7829999923706057,1.8009999990463257,1.840499997138977
1.8009999990463257,1.840499997138977,1.8450000286102293
1.840499997138977,1.8450000286102293,1.838500022888184
1.8450000286102293,1.838500022888184,1.8665000200271609
1.838500022888184,1.8665000200271609,1.8550000190734863
1.8665000200271609,1.8550000190734863,1.8669999837875368
1.8550000190734863,1.8669999837875368,1.9420000314712524
1.8669999837875368,1.9420000314712524,1.933500051498413
1.9420000314712524,1.933500051498413,1.8639999628067017
1.933500051498413,1.8639999628067017,1.837499976158142
1.8639999628067017,1.837499976158142,1.8220000267028809
1.837499976158142,1.8220000267028809,1.8359999656677248
1.8220000267028809,1.8359999656677248,1.830999970436096
1.8359999656677248,1.830999970436096,1.8224999904632568
1.830999970436096,1.8224999904632568,1.8480000495910645
1.8224999904632568,1.8480000495910645,1.8600000143051147
1.8480000495910645,1.8600000143051147,1.838999987
1.8600000143051147,1.838999987,1.805999994277954
1.838999987,1.805999994277954,1.788499951
1.805999994277954,1.788499951,1.8174999952316284
1.788499951,1.8174999952316284,1.7934999465942385
1.8174999952316284,1.7934999465942385,1.7944999933242798
1.7934999465942385,1.7944999933242798,1.778499960899353
1.7944999933242798,1.778499960899353,1.746999979019165
1.778499960899353,1.746999979019165,1.719499945640564
1.746999979019165,1.719499945640564,1.7359999418258667
1.719499945640564,1.7359999418258667,1.7519999742507937
1.7359999418258667,1.7519999742507937,1.7654999494552612
1.7519999742507937,1.7654999494552612,1.7630000114440918
1.7654999494552612,1.7630000114440918,1.75
1.7630000114440918,1.75,1.7074999809265137
1.75,1.7074999809265137,1.6890000104904177
1.7074999809265137,1.6890000104904177,1.6425000429153442
1.6890000104904177,1.6425000429153442,1.6510000228881836
1.6425000429153442,1.6510000228881836,1.6349999904632568
1.6510000228881836,1.6349999904632568,1.6820000410079956
1.6349999904632568,1.6820000410079956,1.7000000476837158
1.6820000410079956,1.7000000476837158,1.749500036239624
1.7000000476837158,1.749500036239624,1.7999999523162842
1.749500036239624,1.7999999523162842,1.7615000009536743
1.7999999523162842,1.7615000009536743,1.784500002861023
1.7615000009536743,1.784500002861023,1.825000047683716
1.784500002861023,1.825000047683716,1.787500023841858
1.825000047683716,1.787500023841858,1.746999979019165
1.787500023841858,1.746999979019165,1.7725000381469729
1.746999979019165,1.7725000381469729,1.7610000371932983
1.7725000381469729,1.7610000371932983,1.7269999980926514
1.7610000371932983,1.7269999980926514,1.690000057220459
1.7269999980926514,1.690000057220459,1.7269999980926514
1.690000057220459,1.7269999980926514,1.7029999494552612
1.7269999980926514,1.7029999494552612,1.7174999713897705
1.7029999494552612,1.7174999713897705,1.722499966621399
1.7174999713897705,1.722499966621399,1.7085000276565552
1.722499966621399,1.7085000276565552,1.6994999647140503
1.7085000276565552,1.6994999647140503,1.7584999799728394
1.6994999647140503,1.7584999799728394,1.7630000114440918
1.7584999799728394,1.7630000114440918,1.774000049
1.7630000114440918,1.774000049,1.7825000286102295
1.774000049,1.7825000286102295,1.852499961853028
1.7825000286102295,1.852499961853028,1.8424999713897705
1.852499961853028,1.8424999713897705,1.8324999809265137
1.8424999713897705,1.8324999809265137,1.8585000038146973
1.8324999809265137,1.8585000038146973,1.875
1.8585000038146973,1.875,1.8554999828338623
1.875,1.8554999828338623,1.928500056266785
1.8554999828338623,1.928500056266785,1.9420000314712524
1.928500056266785,1.9420000314712524,1.930999994277954
1.9420000314712524,1.930999994277954,1.9214999675750728
1.930999994277954,1.9214999675750728,1.8869999647140503
1.9214999675750728,1.8869999647140503,1.8639999628067017
1.8869999647140503,1.8639999628067017,1.8350000381469729
1.8639999628067017,1.8350000381469729,1.7960000038146973
1.8350000381469729,1.7960000038146973,1.7949999570846558
1.7960000038146973,1.7949999570846558,1.7315000295639038
1.7949999570846558,1.7315000295639038,1.6864999532699585
1.7315000295639038,1.6864999532699585,1.696499943733215
1.6864999532699585,1.696499943733215,1.7144999504089355
1.696499943733215,1.7144999504089355,1.7384999990463257
1.7144999504089355,1.7384999990463257,1.7404999732971191
1.7384999990463257,1.7404999732971191,1.6985000371932983
1.7404999732971191,1.6985000371932983,1.7339999675750732
1.6985000371932983,1.7339999675750732,1.7079999446868896
1.7339999675750732,1.7079999446868896,1.4500000476837158
1.7079999446868896,1.4500000476837158,1.340000033378601
1.4500000476837158,1.340000033378601,1.3589999675750732
1.340000033378601,1.3589999675750732,1.3645000457763672
1.3589999675750732,1.3645000457763672,1.3320000171661377
1.3645000457763672,1.3320000171661377,1.315000057220459
1.3320000171661377,1.315000057220459,1.3450000286102295
1.315000057220459,1.3450000286102295,1.3795000314712524
1.3450000286102295,1.3795000314712524,1.3645000457763672
1.3795000314712524,1.3645000457763672,1.350999951
1.3645000457763672,1.350999951,1.3350000381469729
1.350999951,1.3350000381469729,1.3259999752044678
1.3350000381469729,1.3259999752044678,1.321499943733215
1.3259999752044678,1.321499943733215,1.3530000448226929
1.321499943733215,1.3530000448226929,1.3930000066757202
1.3530000448226929,1.3930000066757202,1.406999945640564
1.3930000066757202,1.406999945640564,1.4874999523162842
1.406999945640564,1.4874999523162842,1.461500049
1.4874999523162842,1.461500049,1.4490000009536743
1.461500049,1.4490000009536743,1.444499969482422
1.4490000009536743,1.444499969482422,1.444499969482422
1.444499969482422,1.444499969482422,1.412500023841858
1.444499969482422,1.412500023841858,1.4114999771118164
1.412500023841858,1.4114999771118164,1.4500000476837158
1.4114999771118164,1.4500000476837158,1.4859999418258667
1.4500000476837158,1.4859999418258667,1.5425000190734863
1.4859999418258667,1.5425000190734863,1.5494999885559082
1.5425000190734863,1.5494999885559082,1.590000033378601
1.5494999885559082,1.590000033378601,1.6150000095367432
1.590000033378601,1.6150000095367432,1.5989999771118164
1.6150000095367432,1.5989999771118164,1.531999945640564
1.5989999771118164,1.531999945640564,1.5329999923706057
1.531999945640564,1.5329999923706057,1.556499958
1.5329999923706057,1.556499958,1.597000002861023
1.556499958,1.597000002861023,1.5980000495910645
1.597000002861023,1.5980000495910645,1.593500018119812
1.5980000495910645,1.593500018119812,1.6369999647140503
1.593500018119812,1.6369999647140503,1.6334999799728394
1.6369999647140503,1.6334999799728394,1.6150000095367432
1.6334999799728394,1.6150000095367432,1.6404999494552612
1.6150000095367432,1.6404999494552612,1.628000020980835
1.6404999494552612,1.628000020980835,1.5475000143051147
1.628000020980835,1.5475000143051147,1.5985000133514404
1.5475000143051147,1.5985000133514404,1.6295000314712524
1.5985000133514404,1.6295000314712524,1.6230000257492063
1.6295000314712524,1.6230000257492063,1.6165000200271606
1.6230000257492063,1.6165000200271606,1.6169999837875366
1.6165000200271606,1.6169999837875366,1.6015000343322754
1.6169999837875366,1.6015000343322754,1.600000023841858
1.6015000343322754,1.600000023841858,1.6414999961853027
1.600000023841858,1.6414999961853027,1.6699999570846558
1.6414999961853027,1.6699999570846558,1.6610000133514404
1.6699999570846558,1.6610000133514404,1.6740000247955322
1.6610000133514404,1.6740000247955322,1.6790000200271606
1.6740000247955322,1.6790000200271606,1.6575000286102295
1.6790000200271606,1.6575000286102295,1.6855000257492063
1.6575000286102295,1.6855000257492063,1.6790000200271606
1.6855000257492063,1.6790000200271606,1.659999966621399
1.6790000200271606,1.659999966621399,1.6304999589920044
1.659999966621399,1.6304999589920044,1.6390000581741333
1.6304999589920044,1.6390000581741333,1.6419999599456787
1.6390000581741333,1.6419999599456787,1.6345000267028809
1.6419999599456787,1.6345000267028809,1.6454999446868896
1.6345000267028809,1.6454999446868896,1.899999976158142
1.6454999446868896,1.899999976158142,1.899000049
1.899999976158142,1.899000049,1.924499988555908
1.899000049,1.924499988555908,1.919000029563904
1.924499988555908,1.919000029563904,1.9170000553131104
1.919000029563904,1.9170000553131104,1.9294999837875368
1.9170000553131104,1.9294999837875368,1.909999966621399
1.9294999837875368,1.909999966621399,1.888499975204468
1.909999966621399,1.888499975204468,1.8854999542236328
1.888499975204468,1.8854999542236328,1.9175000190734863
1.8854999542236328,1.9175000190734863,1.950000047683716
1.9175000190734863,1.950000047683716,1.9739999771118164
1.950000047683716,1.9739999771118164,1.9884999990463257
1.9739999771118164,1.9884999990463257,1.968000054359436
1.9884999990463257,1.968000054359436,2.0
1.968000054359436,2.0,2.0834999084472656
2.0,2.0834999084472656,2.1549999713897705
2.0834999084472656,2.1549999713897705,2.1475000381469727
2.1549999713897705,2.1475000381469727,2.133500099182129
2.1475000381469727,2.133500099182129,2.127500057220459
2.133500099182129,2.127500057220459,2.1624999046325684
2.127500057220459,2.1624999046325684,2.1489999294281006
2.1624999046325684,2.1489999294281006,2.1470000743865967
2.1489999294281006,2.1470000743865967,2.140000104904175
2.1470000743865967,2.140000104904175,2.053499937057495
2.140000104904175,2.053499937057495,2.055000066757202
2.053499937057495,2.055000066757202,2.032000064849853
2.055000066757202,2.032000064849853,2.0269999504089355
2.032000064849853,2.0269999504089355,1.9739999771118164
2.0269999504089355,1.9739999771118164,1.965000033378601
1.9739999771118164,1.965000033378601,1.9789999723434448
1.965000033378601,1.9789999723434448,1.9544999599456787
1.9789999723434448,1.9544999599456787,1.9474999904632568
1.9544999599456787,1.9474999904632568,1.9574999809265137
1.9474999904632568,1.9574999809265137,1.9470000267028809
1.9574999809265137,1.9470000267028809,1.9594999551773071
1.9470000267028809,1.9594999551773071,1.976999998092652
1.9594999551773071,1.976999998092652,2.009500026702881
1.976999998092652,2.009500026702881,2.032000064849853
2.009500026702881,2.032000064849853,1.9859999418258667
2.032000064849853,1.9859999418258667,2.015000104904175
1.9859999418258667,2.015000104904175,2.0169999599456787
2.015000104904175,2.0169999599456787,2.025500059127808
2.0169999599456787,2.025500059127808,2.006500005722046
2.025500059127808,2.006500005722046,2.0234999656677246
2.006500005722046,2.0234999656677246,2.031500101089477
2.0234999656677246,2.031500101089477,2.012500047683716
2.031500101089477,2.012500047683716,1.9529999494552608
2.012500047683716,1.9529999494552608,1.9570000171661377
1.9529999494552608,1.9570000171661377,1.9394999742507928
1.9570000171661377,1.9394999742507928,1.9155000448226929
1.9394999742507928,1.9155000448226929,1.902999997138977
1.9155000448226929,1.902999997138977,1.8849999904632568
1.902999997138977,1.8849999904632568,1.899999976158142
1.8849999904632568,1.899999976158142,1.9105000495910645
1.899999976158142,1.9105000495910645,1.9444999694824217
1.9105000495910645,1.9444999694824217,1.950000047683716
1.9444999694824217,1.950000047683716,1.882500052452088
1.950000047683716,1.882500052452088,1.8739999532699585
1.882500052452088,1.8739999532699585,1.8949999809265137
1.8739999532699585,1.8949999809265137,1.8535000085830688
1.8949999809265137,1.8535000085830688,1.868000030517578
1.8535000085830688,1.868000030517578,1.9114999771118164
1.868000030517578,1.9114999771118164,1.8630000352859497
1.9114999771118164,1.8630000352859497,1.872499942779541
1.8630000352859497,1.872499942779541,1.871000051498413
1.872499942779541,1.871000051498413,1.909500002861023
1.871000051498413,1.909500002861023,1.965000033378601
1.909500002861023,1.965000033378601,1.8869999647140503
1.965000033378601,1.8869999647140503,1.871000051498413
1.8869999647140503,1.871000051498413,1.9205000400543213
1.871000051498413,1.9205000400543213,1.9759999513626096
1.9205000400543213,1.9759999513626096,1.9754999876022337
1.9759999513626096,1.9754999876022337,1.965499997138977
1.9754999876022337,1.965499997138977,1.9494999647140503
1.965499997138977,1.9494999647140503,1.9804999828338623
1.9494999647140503,1.9804999828338623,2.013999938964844
1.9804999828338623,2.013999938964844,2.0160000324249268
2.013999938964844,2.0160000324249268,2.0220000743865967
2.0160000324249268,2.0220000743865967,2.086999893188477
2.0220000743865967,2.086999893188477,2.065999984741211
2.086999893188477,2.065999984741211,2.0999999046325684
2.065999984741211,2.0999999046325684,2.059999942779541
2.0999999046325684,2.059999942779541,2.059999942779541
2.059999942779541,2.059999942779541,2.0269999504089355
2.059999942779541,2.0269999504089355,1.9789999723434448
2.0269999504089355,1.9789999723434448,1.965999960899353
1.9789999723434448,1.965999960899353,1.943500042
1.965999960899353,1.943500042,1.9160000085830688
1.943500042,1.9160000085830688,1.932999968528748
1.9160000085830688,1.932999968528748,1.965999960899353
1.932999968528748,1.965999960899353,1.9609999656677248
1.965999960899353,1.9609999656677248,1.9444999694824217
1.9609999656677248,1.9444999694824217,1.9524999856948853
1.9444999694824217,1.9524999856948853,1.944000005722046
1.9524999856948853,1.944000005722046,1.9110000133514404
1.944000005722046,1.9110000133514404,1.914499998092652
1.9110000133514404,1.914499998092652,1.9040000438690183
1.914499998092652,1.9040000438690183,1.9270000457763672
1.9040000438690183,1.9270000457763672,1.934499979019165
1.9270000457763672,1.934499979019165,1.9900000095367432
1.934499979019165,1.9900000095367432,1.9859999418258667
1.9900000095367432,1.9859999418258667,1.9800000190734863
1.9859999418258667,1.9800000190734863,1.9524999856948853
1.9800000190734863,1.9524999856948853,1.9709999561309808
1.9524999856948853,1.9709999561309808,1.9754999876022337
1.9709999561309808,1.9754999876022337,1.996000051498413
1.9754999876022337,1.996000051498413,2.012000084
1.996000051498413,2.012000084,2.0234999656677246
2.012000084,2.0234999656677246,2.069000005722046
2.0234999656677246,2.069000005722046,2.077500104904175
2.069000005722046,2.077500104904175,2.088000059127808
2.077500104904175,2.088000059127808,2.1070001125335693
2.088000059127808,2.1070001125335693,2.0980000495910645
2.1070001125335693,2.0980000495910645,2.0934998989105225
2.0980000495910645,2.0934998989105225,2.118499994277954
2.0934998989105225,2.118499994277954,2.125
2.118499994277954,2.125,2.265000104904175
2.125,2.265000104904175,2.2660000324249268
2.265000104904175,2.2660000324249268,2.257499933242798
2.2660000324249268,2.257499933242798,2.257499933242798
2.257499933242798,2.257499933242798,2.258500099182129
2.257499933242798,2.258500099182129,2.240499973297119
2.258500099182129,2.240499973297119,2.25
2.240499973297119,2.25,2.858999967575073
2.25,2.858999967575073,3.1519999504089355
2.858999967575073,3.1519999504089355,3.191999912261963
3.1519999504089355,3.191999912261963,3.121999979019165
3.191999912261963,3.121999979019165,3.101999998092652
3.121999979019165,3.101999998092652,3.112499952316284
3.101999998092652,3.112499952316284,3.127000093460083
3.112499952316284,3.127000093460083,3.1875
3.127000093460083,3.1875,3.1614999771118164
3.1875,3.1614999771118164,3.0920000076293945
3.1614999771118164,3.0920000076293945,3.1475000381469727
3.0920000076293945,3.1475000381469727,3.132499933242798
3.1475000381469727,3.132499933242798,3.0799999237060547
3.132499933242798,3.0799999237060547,3.086999893188477
3.0799999237060547,3.086999893188477,3.0985000133514404
3.086999893188477,3.0985000133514404,3.1670000553131104
3.0985000133514404,3.1670000553131104,3.1760001182556152
3.1670000553131104,3.1760001182556152,3.164999961853028
3.1760001182556152,3.164999961853028,3.434000015258789
3.164999961853028,3.434000015258789,3.4535000324249268
3.434000015258789,3.4535000324249268,3.6654999256134033
3.4535000324249268,3.6654999256134033,3.5209999084472656
3.6654999256134033,3.5209999084472656,3.484999895095825
3.5209999084472656,3.484999895095825,3.489000082015991
3.484999895095825,3.489000082015991,3.503999948501587
3.489000082015991,3.503999948501587,3.5369999408721924
3.503999948501587,3.5369999408721924,3.4649999141693115
3.5369999408721924,3.4649999141693115,3.532500028610229
3.4649999141693115,3.532500028610229,3.711999893188477
3.532500028610229,3.711999893188477,3.6875
3.711999893188477,3.6875,3.736000061035156
3.6875,3.736000061035156,3.661999940872192
3.736000061035156,3.661999940872192,3.652499914169312
3.661999940872192,3.652499914169312,3.5380001068115234
3.652499914169312,3.5380001068115234,3.594500064849853
3.5380001068115234,3.594500064849853,3.6059999465942383
3.594500064849853,3.6059999465942383,3.6435000896453857
3.6059999465942383,3.6435000896453857,3.631999969482422
3.6435000896453857,3.631999969482422,3.5829999446868896
3.631999969482422,3.5829999446868896,3.525000095367432
3.5829999446868896,3.525000095367432,3.4885001182556152
3.525000095367432,3.4885001182556152,3.493999958
3.4885001182556152,3.493999958,3.4814999103546143
3.493999958,3.4814999103546143,3.431499958
3.4814999103546143,3.431499958,3.4105000495910645
3.431499958,3.4105000495910645,3.5114998817443848
3.4105000495910645,3.5114998817443848,3.4595000743865967
3.5114998817443848,3.4595000743865967,3.4855000972747803
3.4595000743865967,3.4855000972747803,3.502500057220459
3.4855000972747803,3.502500057220459,3.4825000762939453
3.502500057220459,3.4825000762939453,3.4649999141693115
3.4825000762939453,3.4649999141693115,3.617500066757202
3.4649999141693115,3.617500066757202,3.5969998836517334
3.617500066757202,3.5969998836517334,3.5824999809265137
3.5969998836517334,3.5824999809265137,3.678499937057495
3.5824999809265137,3.678499937057495,3.767499923706055
3.678499937057495,3.767499923706055,3.742000102996826
3.767499923706055,3.742000102996826,3.7260000705718994
3.742000102996826,3.7260000705718994,3.674499988555908
3.7260000705718994,3.674499988555908,3.7160000801086426
3.674499988555908,3.7160000801086426,3.6480000019073486
3.7160000801086426,3.6480000019073486,3.633500099182129
3.6480000019073486,3.633500099182129,3.608000040054321
3.633500099182129,3.608000040054321,4.440000057220459
3.608000040054321,4.440000057220459,4.449999809265137
4.440000057220459,4.449999809265137,4.266499996185303
4.449999809265137,4.266499996185303,4.202499866485596
4.266499996185303,4.202499866485596,4.186500072479248
4.202499866485596,4.186500072479248,3.9075000286102295
4.186500072479248,3.9075000286102295,3.987999916
3.9075000286102295,3.987999916,4.037499904632568
3.987999916,4.037499904632568,3.950000047683716
4.037499904632568,3.950000047683716,4.0
3.950000047683716,4.0,3.993999958
4.0,3.993999958,3.862999916
3.993999958,3.862999916,3.825000047683716
3.862999916,3.825000047683716,3.815999984741211
3.825000047683716,3.815999984741211,3.739500045776367
3.815999984741211,3.739500045776367,3.757499933242798
3.739500045776367,3.757499933242798,3.661999940872192
3.757499933242798,3.661999940872192,3.752000093460083
3.661999940872192,3.752000093460083,3.763999938964844
3.752000093460083,3.763999938964844,3.891499996185303
3.763999938964844,3.891499996185303,3.974499940872192
3.891499996185303,3.974499940872192,3.950000047683716
3.974499940872192,3.950000047683716,3.9700000286102295
3.950000047683716,3.9700000286102295,4.039999961853027
3.9700000286102295,4.039999961853027,3.932499885559082
4.039999961853027,3.932499885559082,3.952500104904175
3.932499885559082,3.952500104904175,4.005499839782715
3.952500104904175,4.005499839782715,4.026500225067139
4.005499839782715,4.026500225067139,4.176499843597412
4.026500225067139,4.176499843597412,4.244500160217285
4.176499843597412,4.244500160217285,4.322999954223633
4.244500160217285,4.322999954223633,4.248499870300293
4.322999954223633,4.248499870300293,4.257999897003174
4.248499870300293,4.257999897003174,4.330500126
4.257999897003174,4.330500126,4.444499969482422
4.330500126,4.444499969482422,4.403500080108643
4.444499969482422,4.403500080108643,4.4045000076293945
4.403500080108643,4.4045000076293945,4.367000102996826
4.4045000076293945,4.367000102996826,4.579999923706055
4.367000102996826,4.579999923706055,4.491000175476074
4.579999923706055,4.491000175476074,4.520999908447266
4.491000175476074,4.520999908447266,4.59499979
4.520999908447266,4.59499979,4.6875
4.59499979,4.6875,4.675000190734863
4.6875,4.675000190734863,4.7129998207092285
4.675000190734863,4.7129998207092285,4.705500126
4.7129998207092285,4.705500126,4.679999828338623
4.705500126,4.679999828338623,4.704999923706055
4.679999828338623,4.704999923706055,4.695000171661377
4.704999923706055,4.695000171661377,4.639999866485596
4.695000171661377,4.639999866485596,4.628499984741211
4.639999866485596,4.628499984741211,4.685500144958496
4.628499984741211,4.685500144958496,4.792500019073486
4.685500144958496,4.792500019073486,4.836500168
4.792500019073486,4.836500168,4.787499904632568
4.836500168,4.787499904632568,4.787000179290772
4.787499904632568,4.787000179290772,4.619500160217285
4.787000179290772,4.619500160217285,4.605999946594238
4.619500160217285,4.605999946594238,4.502500057220459
4.605999946594238,4.502500057220459,4.59499979
4.502500057220459,4.59499979,4.521500110626221
4.59499979,4.521500110626221,4.53249979
4.521500110626221,4.53249979,4.584499835968018
4.53249979,4.584499835968018,5.054500102996826
4.584499835968018,5.054500102996826,4.544000148773193
5.054500102996826,4.544000148773193,4.474999904632568
4.544000148773193,4.474999904632568,4.544000148773193
4.474999904632568,4.544000148773193,4.573500156402588
4.544000148773193,4.573500156402588,4.53249979
4.573500156402588,4.53249979,4.480000019073486
4.53249979,4.480000019073486,4.479000091552734
4.480000019073486,4.479000091552734,4.406000137329102
4.479000091552734,4.406000137329102,4.301000118255615
4.406000137329102,4.301000118255615,4.375
4.301000118255615,4.375,4.458000183105469
4.375,4.458000183105469,4.3480000495910645
4.458000183105469,4.3480000495910645,4.120999813079834
4.3480000495910645,4.120999813079834,4.004499912261963
4.120999813079834,4.004499912261963,4.002500057220459
4.004499912261963,4.002500057220459,4.057499885559082
4.002500057220459,4.057499885559082,3.986500024795532
4.057499885559082,3.986500024795532,3.949500084
3.986500024795532,3.949500084,3.987499952316284
3.949500084,3.987499952316284,4.099999904632568
3.987499952316284,4.099999904632568,4.043000221252441
4.099999904632568,4.043000221252441,4.072500228881836
4.043000221252441,4.072500228881836,4.224500179290772
4.072500228881836,4.224500179290772,4.28249979
4.224500179290772,4.28249979,4.528500080108643
4.28249979,4.528500080108643,4.573500156402588
4.528500080108643,4.573500156402588,4.553999900817871
4.573500156402588,4.553999900817871,4.612500190734863
4.553999900817871,4.612500190734863,4.728000164031982
4.612500190734863,4.728000164031982,4.749499797821045
4.728000164031982,4.749499797821045,4.75
4.749499797821045,4.75,4.734000205993652
4.75,4.734000205993652,4.71750021
4.734000205993652,4.71750021,4.796999931335449
4.71750021,4.796999931335449,4.6875
4.796999931335449,4.6875,4.650000095367432
4.6875,4.650000095367432,4.561999797821045
4.650000095367432,4.561999797821045,4.453000068664551
4.561999797821045,4.453000068664551,4.373000144958496
4.453000068664551,4.373000144958496,4.497499942779541
4.373000144958496,4.497499942779541,4.537499904632568
4.497499942779541,4.537499904632568,4.613999843597412
4.537499904632568,4.613999843597412,4.578000068664551
4.613999843597412,4.578000068664551,4.697000026702881
4.578000068664551,4.697000026702881,4.764500141143799
4.697000026702881,4.764500141143799,4.795000076293945
4.764500141143799,4.795000076293945,4.718500137329102
4.795000076293945,4.718500137329102,4.871500015258789
4.718500137329102,4.871500015258789,4.862500190734863
4.871500015258789,4.862500190734863,4.670000076293945
4.862500190734863,4.670000076293945,4.528500080108643
4.670000076293945,4.528500080108643,4.591499805
4.528500080108643,4.591499805,4.389999866485596
4.591499805,4.389999866485596,4.298500061035156
4.389999866485596,4.298500061035156,4.201499938964844
4.298500061035156,4.201499938964844,4.165999889373779
4.201499938964844,4.165999889373779,4.050499916
4.165999889373779,4.050499916,4.118000030517578
4.050499916,4.118000030517578,4.112500190734863
4.118000030517578,4.112500190734863,4.115499973297119
4.112500190734863,4.115499973297119,3.986000061035156
4.115499973297119,3.986000061035156,3.839999914169312
3.986000061035156,3.839999914169312,3.8940000534057617
3.839999914169312,3.8940000534057617,4.071499824523926
3.8940000534057617,4.071499824523926,3.869999885559082
4.071499824523926,3.869999885559082,3.795000076293945
3.869999885559082,3.795000076293945,3.871000051498413
3.795000076293945,3.871000051498413,3.943500042
3.871000051498413,3.943500042,3.9700000286102295
3.943500042,3.9700000286102295,3.8329999446868896
3.9700000286102295,3.8329999446868896,3.7105000019073486
3.8329999446868896,3.7105000019073486,3.621500015258789
3.7105000019073486,3.621500015258789,3.635499954223633
3.621500015258789,3.635499954223633,3.7300000190734863
3.635499954223633,3.7300000190734863,3.798000097
3.7300000190734863,3.798000097,3.8524999618530273
3.798000097,3.8524999618530273,3.942500114440918
3.8524999618530273,3.942500114440918,3.8940000534057617
3.942500114440918,3.8940000534057617,3.759500026702881
3.8940000534057617,3.759500026702881,3.700000047683716
3.759500026702881,3.700000047683716,3.694000005722046
3.700000047683716,3.694000005722046,3.7105000019073486
3.694000005722046,3.7105000019073486,3.610500097
3.7105000019073486,3.610500097,3.674999952316284
3.610500097,3.674999952316284,3.674999952316284
3.674999952316284,3.674999952316284,3.5739998817443848
3.674999952316284,3.5739998817443848,3.5299999713897705
3.5739998817443848,3.5299999713897705,3.375
3.5299999713897705,3.375,3.2244999408721924
3.375,3.2244999408721924,3.3299999237060547
3.2244999408721924,3.3299999237060547,3.316999912261963
3.3299999237060547,3.316999912261963,3.2730000019073486
3.316999912261963,3.2730000019073486,3.243499994277954
3.2730000019073486,3.243499994277954,3.257499933242798
3.243499994277954,3.257499933242798,3.3585000038146973
3.257499933242798,3.3585000038146973,3.4114999771118164
3.3585000038146973,3.4114999771118164,3.477499961853028
3.4114999771118164,3.477499961853028,3.5339999198913574
3.477499961853028,3.5339999198913574,3.389499903
3.5339999198913574,3.389499903,3.5964999198913574
3.389499903,3.5964999198913574,3.700000047683716
3.5964999198913574,3.700000047683716,3.674499988555908
3.700000047683716,3.674499988555908,3.846499919891357
3.674499988555908,3.846499919891357,3.814500093460083
3.846499919891357,3.814500093460083,3.756000042
3.814500093460083,3.756000042,3.734499931335449
3.756000042,3.734499931335449,3.610500097
3.734499931335449,3.610500097,3.5820000171661377
3.610500097,3.5820000171661377,3.8545000553131104
3.5820000171661377,3.8545000553131104,3.950000047683716
3.8545000553131104,3.950000047683716,3.800499916
3.950000047683716,3.800499916,3.891499996185303
3.800499916,3.891499996185303,3.921499967575073
3.891499996185303,3.921499967575073,3.880500078201294
3.921499967575073,3.880500078201294,3.8334999084472656
3.880500078201294,3.8334999084472656,3.774499893188477
3.8334999084472656,3.774499893188477,3.714999914169312
3.774499893188477,3.714999914169312,3.700000047683716
3.714999914169312,3.700000047683716,3.6989998817443848
3.700000047683716,3.6989998817443848,3.75
3.6989998817443848,3.75,3.750999927520752
3.75,3.750999927520752,4.099999904632568
3.750999927520752,4.099999904632568,4.066999912261963
4.099999904632568,4.066999912261963,3.996999979019165
4.066999912261963,3.996999979019165,4.131999969482422
3.996999979019165,4.131999969482422,4.026500225067139
4.131999969482422,4.026500225067139,4.065999984741211
4.026500225067139,4.065999984741211,4.125
4.065999984741211,4.125,4.088500022888184
4.125,4.088500022888184,4.066999912261963
4.088500022888184,4.066999912261963,4.000500202178955
4.066999912261963,4.000500202178955,4.059999942779541
4.000500202178955,4.059999942779541,3.888499975204468
4.059999942779541,3.888499975204468,3.838500022888184
3.888499975204468,3.838500022888184,3.8320000171661377
3.838500022888184,3.8320000171661377,3.7079999446868896
3.8320000171661377,3.7079999446868896,3.6670000553131104
3.7079999446868896,3.6670000553131104,3.746500015258789
3.6670000553131104,3.746500015258789,3.747999906539917
3.746500015258789,3.747999906539917,3.787499904632568
3.747999906539917,3.787499904632568,3.815999984741211
3.787499904632568,3.815999984741211,3.8415000438690186
3.815999984741211,3.8415000438690186,4.237500190734863
3.8415000438690186,4.237500190734863,4.135000228881836
4.237500190734863,4.135000228881836,4.057499885559082
4.135000228881836,4.057499885559082,3.984499931335449
4.057499885559082,3.984499931335449,3.943500042
3.984499931335449,3.943500042,4.045000076293945
3.943500042,4.045000076293945,4.039500236511231
4.045000076293945,4.039500236511231,4.0980000495910645
4.039500236511231,4.0980000495910645,4.088500022888184
4.0980000495910645,4.088500022888184,4.078499794006348
4.088500022888184,4.078499794006348,4.0945000648498535
4.078499794006348,4.0945000648498535,4.091000080108643
4.0945000648498535,4.091000080108643,4.243999958
4.091000080108643,4.243999958,4.182000160217285
4.243999958,4.182000160217285,4.076499938964844
4.182000160217285,4.076499938964844,4.052000045776367
4.076499938964844,4.052000045776367,4.0
4.052000045776367,4.0,3.952500104904175
4.0,3.952500104904175,4.0
3.952500104904175,4.0,4.126500129699707
4.0,4.126500129699707,4.215000152587891
4.126500129699707,4.215000152587891,4.1585001945495605
4.215000152587891,4.1585001945495605,4.223499774932861
4.1585001945495605,4.223499774932861,4.172999858856201
4.223499774932861,4.172999858856201,4.107500076293945
4.172999858856201,4.107500076293945,4.039500236511231
4.107500076293945,4.039500236511231,4.107500076293945
4.039500236511231,4.107500076293945,3.994499921798706
4.107500076293945,3.994499921798706,3.803499937057495
3.994499921798706,3.803499937057495,3.805999994277954
3.803499937057495,3.805999994277954,3.7114999294281006
3.805999994277954,3.7114999294281006,3.7204999923706055
3.7114999294281006,3.7204999923706055,3.691999912261963
3.7204999923706055,3.691999912261963,3.7200000286102295
3.691999912261963,3.7200000286102295,3.774499893188477
3.7200000286102295,3.774499893188477,3.744999885559082
3.774499893188477,3.744999885559082,3.588500022888184
3.744999885559082,3.588500022888184,3.499500036239624
3.588500022888184,3.499500036239624,3.4749999046325684
3.499500036239624,3.4749999046325684,3.430999994277954
3.4749999046325684,3.430999994277954,3.637500047683716
3.430999994277954,3.637500047683716,3.618999958
3.637500047683716,3.618999958,3.5420000553131104
3.618999958,3.5420000553131104,3.490000009536743
3.5420000553131104,3.490000009536743,3.4570000171661377
3.490000009536743,3.4570000171661377,3.6034998893737793
3.4570000171661377,3.6034998893737793,4.118999958
3.6034998893737793,4.118999958,4.046999931335449
4.118999958,4.046999931335449,3.9154999256134033
4.046999931335449,3.9154999256134033,3.940000057220459
3.9154999256134033,3.940000057220459,3.992500066757202
3.940000057220459,3.992500066757202,3.908499956130981
3.992500066757202,3.908499956130981,3.824500084
3.908499956130981,3.824500084,3.865000009536743
3.824500084,3.865000009536743,3.9760000705718994
3.865000009536743,3.9760000705718994,3.931499958
3.9760000705718994,3.931499958,3.902499914169312
3.931499958,3.902499914169312,4.060500144958496
3.902499914169312,4.060500144958496,4.587500095367432
4.060500144958496,4.587500095367432,4.423999786376953
4.587500095367432,4.423999786376953,4.412499904632568
4.423999786376953,4.412499904632568,4.4375
4.412499904632568,4.4375,4.476500034332275
4.4375,4.476500034332275,4.314000129699707
4.476500034332275,4.314000129699707,4.175499916
4.314000129699707,4.175499916,4.162499904632568
4.175499916,4.162499904632568,4.188499927520752
4.162499904632568,4.188499927520752,4.2729997634887695
4.188499927520752,4.2729997634887695,4.231999874
4.2729997634887695,4.231999874,4.156000137329102
4.231999874,4.156000137329102,4.137000084
4.156000137329102,4.137000084,4.182499885559082
4.137000084,4.182499885559082,4.144999980926514
4.182499885559082,4.144999980926514,4.224999904632568
4.144999980926514,4.224999904632568,4.099999904632568
4.224999904632568,4.099999904632568,4.040500164031982
4.099999904632568,4.040500164031982,4.035999774932861
4.040500164031982,4.035999774932861,4.1875
4.035999774932861,4.1875,4.0980000495910645
4.1875,4.0980000495910645,4.011000156402588
4.0980000495910645,4.011000156402588,3.990000009536743
4.011000156402588,3.990000009536743,3.9800000190734863
3.990000009536743,3.9800000190734863,3.993999958
3.9800000190734863,3.993999958,3.9814999103546143
3.993999958,3.9814999103546143,3.911999940872192
3.9814999103546143,3.911999940872192,3.875
3.911999940872192,3.875,4.338500022888184
3.875,4.338500022888184,4.081500053405762
4.338500022888184,4.081500053405762,3.814500093460083
4.081500053405762,3.814500093460083,3.682499885559082
3.814500093460083,3.682499885559082,3.637500047683716
3.682499885559082,3.637500047683716,3.552500009536743
3.637500047683716,3.552500009536743,3.4684998989105225
3.552500009536743,3.4684998989105225,3.6559998989105225
3.4684998989105225,3.6559998989105225,3.5994999408721924
3.6559998989105225,3.5994999408721924,3.447999954223633
3.5994999408721924,3.447999954223633,3.547499895095825
3.447999954223633,3.547499895095825,3.2945001125335693
3.547499895095825,3.2945001125335693,3.321500062942505
3.2945001125335693,3.321500062942505,3.137500047683716
3.321500062942505,3.137500047683716,3.174999952316284
3.137500047683716,3.174999952316284,2.987499952316284
3.174999952316284,2.987499952316284,3.1105000972747803
2.987499952316284,3.1105000972747803,3.200000047683716
3.1105000972747803,3.200000047683716,2.734499931335449
3.200000047683716,2.734499931335449,2.5350000858306885
2.734499931335449,2.5350000858306885,3.116499900817871
2.5350000858306885,3.116499900817871,2.6549999713897705
3.116499900817871,2.6549999713897705,2.6475000381469727
2.6549999713897705,2.6475000381469727,2.623500108718872
2.6475000381469727,2.623500108718872,2.5455000400543213
2.623500108718872,2.5455000400543213,2.615999937057495
2.5455000400543213,2.615999937057495,2.629499912261963
2.615999937057495,2.629499912261963,2.815000057220459
2.629499912261963,2.815000057220459,2.989500045776367
2.815000057220459,2.989500045776367,2.994499921798706
2.989500045776367,2.994499921798706,2.862499952316284
2.994499921798706,2.862499952316284,2.862499952316284
2.862499952316284,2.862499952316284,2.936500072479248
2.862499952316284,2.936500072479248,2.900000095367432
2.936500072479248,2.900000095367432,2.552000045776367
2.900000095367432,2.552000045776367,2.489500045776367
2.552000045776367,2.489500045776367,2.5339999198913574
2.489500045776367,2.5339999198913574,2.4030001163482666
2.5339999198913574,2.4030001163482666,2.2720000743865967
2.4030001163482666,2.2720000743865967,2.25
2.2720000743865967,2.25,2.2249999046325684
2.25,2.2249999046325684,2.062999963760376
2.2249999046325684,2.062999963760376,2.032999992370605
2.062999963760376,2.032999992370605,1.950000047683716
2.032999992370605,1.950000047683716,1.9859999418258667
1.950000047683716,1.9859999418258667,1.950000047683716
1.9859999418258667,1.950000047683716,2.171999931335449
1.950000047683716,2.171999931335449,2.1445000171661377
2.171999931335449,2.1445000171661377,2.200000047683716
2.1445000171661377,2.200000047683716,2.2049999237060547
2.200000047683716,2.2049999237060547,2.1630001068115234
2.2049999237060547,2.1630001068115234,2.0855000019073486
2.1630001068115234,2.0855000019073486,2.2939999103546143
2.0855000019073486,2.2939999103546143,2.525000095367432
2.2939999103546143,2.525000095367432,2.424499988555908
2.525000095367432,2.424499988555908,2.6070001125335693
2.424499988555908,2.6070001125335693,2.7239999771118164
2.6070001125335693,2.7239999771118164,2.575000047683716
2.7239999771118164,2.575000047683716,2.524499893188477
2.575000047683716,2.524499893188477,2.569000005722046
2.524499893188477,2.569000005722046,2.547499895095825
2.569000005722046,2.547499895095825,2.6480000019073486
2.547499895095825,2.6480000019073486,2.7385001182556152
2.6480000019073486,2.7385001182556152,2.742500066757202
2.7385001182556152,2.742500066757202,2.649499893188477
2.742500066757202,2.649499893188477,2.6075000762939453
2.649499893188477,2.6075000762939453,2.5804998874664307
2.6075000762939453,2.5804998874664307,2.5975000858306885
2.5804998874664307,2.5975000858306885,2.697499990463257
2.5975000858306885,2.697499990463257,2.588500022888184
2.697499990463257,2.588500022888184,2.560499906539917
2.588500022888184,2.560499906539917,2.5845000743865967
2.560499906539917,2.5845000743865967,2.7265000343322754
2.5845000743865967,2.7265000343322754,2.7869999408721924
2.7265000343322754,2.7869999408721924,2.9110000133514404
2.7869999408721924,2.9110000133514404,2.8475000858306885
2.9110000133514404,2.8475000858306885,2.865999937057495
2.8475000858306885,2.865999937057495,2.8499999046325684
2.865999937057495,2.8499999046325684,2.7149999141693115
2.8499999046325684,2.7149999141693115,2.664499998092652
2.7149999141693115,2.664499998092652,2.505000114440918
2.664499998092652,2.505000114440918,2.611500024795532
2.505000114440918,2.611500024795532,2.616499900817871
2.611500024795532,2.616499900817871,2.5850000381469727
2.616499900817871,2.5850000381469727,2.5344998836517334
2.5850000381469727,2.5344998836517334,2.5439999103546143
2.5344998836517334,2.5439999103546143,2.571000099182129
2.5439999103546143,2.571000099182129,2.5445001125335693
2.571000099182129,2.5445001125335693,2.5209999084472656
2.5445001125335693,2.5209999084472656,2.574500084
2.5209999084472656,2.574500084,2.5924999713897705
2.574500084,2.5924999713897705,2.986999988555908
2.5924999713897705,2.986999988555908,3.0999999046325684
2.986999988555908,3.0999999046325684,3.2100000381469727
3.0999999046325684,3.2100000381469727,3.171999931335449
3.2100000381469727,3.171999931335449,3.190500020980835
3.171999931335449,3.190500020980835,3.3499999046325684
3.190500020980835,3.3499999046325684,3.368000030517578
3.3499999046325684,3.368000030517578,3.361500024795532
3.368000030517578,3.361500024795532,3.244999885559082
3.361500024795532,3.244999885559082,3.212500095367432
3.244999885559082,3.212500095367432,3.233999967575073
3.212500095367432,3.233999967575073,3.132499933242798
3.233999967575073,3.132499933242798,3.138999938964844
3.132499933242798,3.138999938964844,3.2090001106262207
3.138999938964844,3.2090001106262207,3.2074999809265137
3.2090001106262207,3.2074999809265137,3.245500087738037
3.2074999809265137,3.245500087738037,3.305000066757202
3.245500087738037,3.305000066757202,3.2874999046325684
3.305000066757202,3.2874999046325684,3.236500024795532
3.2874999046325684,3.236500024795532,3.253999948501587
3.236500024795532,3.253999948501587,3.276000022888184
3.253999948501587,3.276000022888184,3.164499998092652
3.276000022888184,3.164499998092652,3.289499998092652
3.164499998092652,3.289499998092652,3.289999961853028
3.289499998092652,3.289999961853028,3.275000095367432
3.289999961853028,3.275000095367432,3.201499938964844
3.275000095367432,3.201499938964844,3.2950000762939453
3.201499938964844,3.2950000762939453,3.4684998989105225
3.2950000762939453,3.4684998989105225,3.493499994277954
3.4684998989105225,3.493499994277954,3.486999988555908
3.493499994277954,3.486999988555908,3.4644999504089355
3.486999988555908,3.4644999504089355,3.5855000019073486
3.4644999504089355,3.5855000019073486,3.695499897003174
3.5855000019073486,3.695499897003174,3.595499992370605
3.695499897003174,3.595499992370605,3.5445001125335693
3.595499992370605,3.5445001125335693,3.7804999351501465
3.5445001125335693,3.7804999351501465,3.75
3.7804999351501465,3.75,3.697499990463257
3.75,3.697499990463257,3.749000072479248
3.697499990463257,3.749000072479248,3.614500045776367
3.749000072479248,3.614500045776367,3.5834999084472656
3.614500045776367,3.5834999084472656,3.724999904632568
3.5834999084472656,3.724999904632568,3.754499912261963
3.724999904632568,3.754499912261963,3.861999988555908
3.754499912261963,3.861999988555908,3.9159998893737793
3.861999988555908,3.9159998893737793,3.9179999828338623
3.9159998893737793,3.9179999828338623,3.8540000915527344
3.9179999828338623,3.8540000915527344,3.8554999828338623
3.8540000915527344,3.8554999828338623,4.0
3.8554999828338623,4.0,3.998500108718872
4.0,3.998500108718872,3.973000049591065
3.998500108718872,3.973000049591065,3.7904999256134033
3.973000049591065,3.7904999256134033,3.874000072479248
3.7904999256134033,3.874000072479248,3.936000108718872
3.874000072479248,3.936000108718872,3.989500045776367
3.936000108718872,3.989500045776367,3.954999923706055
3.989500045776367,3.954999923706055,4.109000205993652
3.954999923706055,4.109000205993652,4.103000164031982
4.109000205993652,4.103000164031982,4.334000110626221
4.103000164031982,4.334000110626221,4.249000072479248
4.334000110626221,4.249000072479248,4.267499923706055
4.249000072479248,4.267499923706055,4.149499893188477
4.267499923706055,4.149499893188477,4.133500099182129
4.149499893188477,4.133500099182129,4.019000053405762
4.133500099182129,4.019000053405762,4.067500114440918
4.019000053405762,4.067500114440918,4.099999904632568
4.067500114440918,4.099999904632568,4.179999828338623
4.099999904632568,4.179999828338623,4.137499809265137
4.179999828338623,4.137499809265137,4.011499881744385
4.137499809265137,4.011499881744385,3.992500066757202
4.011499881744385,3.992500066757202,3.948499917984009
3.992500066757202,3.948499917984009,3.8324999809265137
3.948499917984009,3.8324999809265137,3.802999973297119
3.8324999809265137,3.802999973297119,3.810499906539917
3.802999973297119,3.810499906539917,3.798000097
3.810499906539917,3.798000097,3.947999954223633
3.798000097,3.947999954223633,4.055500030517578
3.947999954223633,4.055500030517578,3.8984999656677246
4.055500030517578,3.8984999656677246,3.8519999980926514
3.8984999656677246,3.8519999980926514,3.924000024795532
3.8519999980926514,3.924000024795532,3.974999904632568
3.924000024795532,3.974999904632568,3.954999923706055
3.974999904632568,3.954999923706055,3.900500059127808
3.954999923706055,3.900500059127808,4.239999771118164
3.900500059127808,4.239999771118164,4.272500038146973
4.239999771118164,4.272500038146973,4.2855000495910645
4.272500038146973,4.2855000495910645,4.320000171661377
4.2855000495910645,4.320000171661377,4.397500038146973
4.320000171661377,4.397500038146973,4.359000205993652
4.397500038146973,4.359000205993652,4.383500099182129
4.359000205993652,4.383500099182129,4.427999973297119
4.383500099182129,4.427999973297119,4.374499797821045
4.427999973297119,4.374499797821045,4.260000228881836
4.374499797821045,4.260000228881836,4.164999961853027
4.260000228881836,4.164999961853027,4.197500228881836
4.164999961853027,4.197500228881836,4.215000152587891
4.197500228881836,4.215000152587891,4.147500038146973
4.215000152587891,4.147500038146973,4.172999858856201
4.147500038146973,4.172999858856201,4.121500015258789
4.172999858856201,4.121500015258789,3.954999923706055
4.121500015258789,3.954999923706055,4.026500225067139
3.954999923706055,4.026500225067139,4.111499786376953
4.026500225067139,4.111499786376953,4.206999778747559
4.111499786376953,4.206999778747559,4.210000038146973
4.206999778747559,4.210000038146973,4.245999813079834
4.210000038146973,4.245999813079834,4.224999904632568
4.245999813079834,4.224999904632568,4.068500042
4.224999904632568,4.068500042,3.944499969482422
4.068500042,3.944499969482422,3.934499979019165
3.944499969482422,3.934499979019165,3.8965001106262207
3.934499979019165,3.8965001106262207,3.927000045776367
3.8965001106262207,3.927000045776367,3.940999984741211
3.927000045776367,3.940999984741211,4.082499980926514
3.940999984741211,4.082499980926514,4.120999813079834
4.082499980926514,4.120999813079834,4.231999874
4.120999813079834,4.231999874,4.311999797821045
4.231999874,4.311999797821045,4.324999809265137
4.311999797821045,4.324999809265137,4.443999767303467
4.324999809265137,4.443999767303467,4.450500011444092
4.443999767303467,4.450500011444092,4.461500168
4.450500011444092,4.461500168,4.71999979
4.461500168,4.71999979,4.445000171661377
4.71999979,4.445000171661377,4.324500084
4.445000171661377,4.324500084,4.2820000648498535
4.324500084,4.2820000648498535,4.275000095367432
4.2820000648498535,4.275000095367432,4.362500190734863
4.275000095367432,4.362500190734863,4.337500095367432
4.362500190734863,4.337500095367432,4.409999847412109
4.337500095367432,4.409999847412109,4.374000072479248
4.409999847412109,4.374000072479248,4.287499904632568
4.374000072479248,4.287499904632568,4.242000102996826
4.287499904632568,4.242000102996826,4.297999858856201
4.242000102996826,4.297999858856201,4.273499965667725
4.297999858856201,4.273499965667725,4.21999979
4.273499965667725,4.21999979,4.329999923706055
4.21999979,4.329999923706055,4.318500042
4.329999923706055,4.318500042,4.208499908447266
4.318500042,4.208499908447266,4.089000225067139
4.208499908447266,4.089000225067139,4.134500026702881
4.089000225067139,4.134500026702881,4.150000095367432
4.134500026702881,4.150000095367432,4.21750021
4.150000095367432,4.21750021,4.252999782562256
4.21750021,4.252999782562256,4.2795000076293945
4.252999782562256,4.2795000076293945,4.316999912261963
4.2795000076293945,4.316999912261963,4.237999916
4.316999912261963,4.237999916,4.242499828338623
4.237999916,4.242499828338623,4.249499797821045
4.242499828338623,4.249499797821045,4.097499847412109
4.249499797821045,4.097499847412109,4.120999813079834
4.097499847412109,4.120999813079834,4.007500171661377
4.120999813079834,4.007500171661377,3.947999954223633
4.007500171661377,3.947999954223633,3.989000082015991
3.947999954223633,3.989000082015991,4.052000045776367
3.989000082015991,4.052000045776367,4.131499767303467
4.052000045776367,4.131499767303467,4.203499794006348
4.131499767303467,4.203499794006348,4.244999885559082
4.203499794006348,4.244999885559082,4.228499889373779
4.244999885559082,4.228499889373779,4.2204999923706055
4.228499889373779,4.2204999923706055,4.548999786376953
4.2204999923706055,4.548999786376953,4.559500217437744
4.548999786376953,4.559500217437744,4.550000190734863
4.559500217437744,4.550000190734863,4.538000106811523
4.550000190734863,4.538000106811523,4.709499835968018
4.538000106811523,4.709499835968018,4.724999904632568
4.709499835968018,4.724999904632568,4.635499954223633
4.724999904632568,4.635499954223633,4.612500190734863
4.635499954223633,4.612500190734863,4.640500068664551
4.612500190734863,4.640500068664551,4.616499900817871
4.640500068664551,4.616499900817871,4.708499908447266
4.616499900817871,4.708499908447266,4.644999980926514
4.708499908447266,4.644999980926514,4.557000160217285
4.644999980926514,4.557000160217285,4.546500205993652
4.557000160217285,4.546500205993652,4.553999900817871
4.546500205993652,4.553999900817871,4.723999977111816
4.553999900817871,4.723999977111816,4.835999965667725
4.723999977111816,4.835999965667725,4.797500133514404
4.835999965667725,4.797500133514404,4.8125
4.797500133514404,4.8125,4.762499809265137
4.8125,4.762499809265137,4.890999794006348
4.762499809265137,4.890999794006348,4.853000164031982
4.890999794006348,4.853000164031982,4.806000232696533
4.853000164031982,4.806000232696533,4.814000129699707
4.806000232696533,4.814000129699707,4.804999828338623
4.814000129699707,4.804999828338623,4.831500053405762
4.804999828338623,4.831500053405762,4.704999923706055
4.831500053405762,4.704999923706055,5.982500076293945
4.704999923706055,5.982500076293945,6.283999919891357
5.982500076293945,6.283999919891357,6.2129998207092285
6.283999919891357,6.2129998207092285,6.256000042
6.2129998207092285,6.256000042,6.215000152587891
6.256000042,6.215000152587891,6.144999980926514
6.215000152587891,6.144999980926514,5.974999904632568
6.144999980926514,5.974999904632568,5.943999767303467
5.974999904632568,5.943999767303467,5.962500095367432
5.943999767303467,5.962500095367432,6.047500133514404
5.962500095367432,6.047500133514404,6.348999977111816
6.047500133514404,6.348999977111816,6.415999889373779
6.348999977111816,6.415999889373779,6.5304999351501465
6.415999889373779,6.5304999351501465,6.565499782562256
6.5304999351501465,6.565499782562256,6.607500076293945
6.565499782562256,6.607500076293945,6.649499893188477
6.607500076293945,6.649499893188477,6.728000164031982
6.649499893188477,6.728000164031982,6.59250021
6.728000164031982,6.59250021,6.570499897003174
6.59250021,6.570499897003174,6.526999950408936
6.570499897003174,6.526999950408936,6.499499797821045
6.526999950408936,6.499499797821045,6.650000095367432
6.499499797821045,6.650000095367432,6.716499805
6.650000095367432,6.716499805,6.710000038146973
6.716499805,6.710000038146973,6.650000095367432
6.710000038146973,6.650000095367432,6.803999900817871
6.650000095367432,6.803999900817871,6.96750021
6.803999900817871,6.96750021,7.133500099182129
6.96750021,7.133500099182129,7.295499801635742
7.133500099182129,7.295499801635742,7.172500133514404
7.295499801635742,7.172500133514404,6.949999809265137
7.172500133514404,6.949999809265137,6.803999900817871
6.949999809265137,6.803999900817871,6.735499858856201
6.803999900817871,6.735499858856201,6.809500217437744
6.735499858856201,6.809500217437744,6.814499855041504
6.809500217437744,6.814499855041504,6.630499839782715
6.814499855041504,6.630499839782715,6.623000144958496
6.630499839782715,6.623000144958496,6.572500228881836
6.623000144958496,6.572500228881836,6.504000186920166
6.572500228881836,6.504000186920166,6.439499855041504
6.504000186920166,6.439499855041504,6.659999847412109
6.439499855041504,6.659999847412109,6.799499988555908
6.659999847412109,6.799499988555908,6.952499866485596
6.799499988555908,6.952499866485596,6.985000133514404
6.952499866485596,6.985000133514404,7.098999977111816
6.985000133514404,7.098999977111816,7.129000186920166
7.098999977111816,7.129000186920166,6.920000076293945
7.129000186920166,6.920000076293945,6.863999843597412
6.920000076293945,6.863999843597412,6.830500126
6.863999843597412,6.830500126,6.774000168
6.830500126,6.774000168,6.736499786376953
6.774000168,6.736499786376953,6.616000175476074
6.736499786376953,6.616000175476074,6.684000015258789
6.616000175476074,6.684000015258789,6.639999866485596
6.684000015258789,6.639999866485596,6.491000175476074
6.639999866485596,6.491000175476074,6.485499858856201
6.491000175476074,6.485499858856201,6.519000053405762
6.485499858856201,6.519000053405762,6.482500076293945
6.519000053405762,6.482500076293945,6.400000095367432
6.482500076293945,6.400000095367432,6.460000038146973
6.400000095367432,6.460000038146973,6.40749979
6.460000038146973,6.40749979,6.383500099182129
6.40749979,6.383500099182129,6.113999843597412
6.383500099182129,6.113999843597412,6.149000168
6.113999843597412,6.149000168,6.166500091552734
6.149000168,6.166500091552734,6.360000133514404
6.166500091552734,6.360000133514404,6.59250021
6.360000133514404,6.59250021,6.243000030517578
6.59250021,6.243000030517578,5.948999881744385
6.243000030517578,5.948999881744385,5.980500221252441
5.948999881744385,5.980500221252441,6.016499996185303
5.980500221252441,6.016499996185303,5.882500171661377
6.016499996185303,5.882500171661377,6.050000190734863
5.882500171661377,6.050000190734863,5.954500198364258
6.050000190734863,5.954500198364258,5.930500030517578
5.954500198364258,5.930500030517578,6.020999908447266
5.930500030517578,6.020999908447266,5.997000217437744
6.020999908447266,5.997000217437744,6.025000095367432
5.997000217437744,6.025000095367432,5.856500148773193
6.025000095367432,5.856500148773193,5.925499916
5.856500148773193,5.925499916,5.954500198364258
5.925499916,5.954500198364258,5.948500156402588
5.954500198364258,5.948500156402588,5.962500095367432
5.948500156402588,5.962500095367432,5.989999771118164
5.962500095367432,5.989999771118164,5.916999816894531
5.989999771118164,5.916999816894531,5.971499919891357
5.916999816894531,5.971499919891357,6.232999801635742
5.971499919891357,6.232999801635742,6.367499828338623
6.232999801635742,6.367499828338623,6.3470001220703125
6.367499828338623,6.3470001220703125,6.442500114440918
6.3470001220703125,6.442500114440918,6.472499847412109
6.442500114440918,6.472499847412109,6.542500019073486
6.472499847412109,6.542500019073486,6.540500164031982
6.542500019073486,6.540500164031982,6.558499813079834
6.540500164031982,6.558499813079834,6.681000232696533
6.558499813079834,6.681000232696533,6.710000038146973
6.681000232696533,6.710000038146973,6.599999904632568
6.710000038146973,6.599999904632568,6.614500045776367
6.599999904632568,6.614500045776367,6.634500026702881
6.614500045776367,6.634500026702881,6.642499923706055
6.634500026702881,6.642499923706055,6.685500144958496
6.642499923706055,6.685500144958496,6.547999858856201
6.685500144958496,6.547999858856201,6.546999931335449
6.547999858856201,6.546999931335449,6.46999979
6.546999931335449,6.46999979,6.8454999923706055
6.46999979,6.8454999923706055,6.849500179290772
6.8454999923706055,6.849500179290772,6.831500053405762
6.849500179290772,6.831500053405762,6.9095001220703125
6.831500053405762,6.9095001220703125,6.840000152587891
6.9095001220703125,6.840000152587891,6.825500011444092
6.840000152587891,6.825500011444092,6.686999797821045
6.825500011444092,6.686999797821045,6.800000190734863
6.686999797821045,6.800000190734863,6.803999900817871
6.800000190734863,6.803999900817871,7.0625
6.803999900817871,7.0625,7.066500186920166
7.0625,7.066500186920166,7.145500183105469
7.066500186920166,7.145500183105469,7.098999977111816
7.145500183105469,7.098999977111816,7.224999904632568
7.098999977111816,7.224999904632568,7.354499816894531
7.224999904632568,7.354499816894531,7.358500003814697
7.354499816894531,7.358500003814697,7.183499813079834
7.358500003814697,7.183499813079834,7.231999874
7.183499813079834,7.231999874,7.449999809265137
7.231999874,7.449999809265137,7.554500102996826
7.449999809265137,7.554500102996826,7.454500198364258
7.554500102996826,7.454500198364258,7.386499881744385
7.454500198364258,7.386499881744385,7.322000026702881
7.386499881744385,7.322000026702881,7.137499809265137
7.322000026702881,7.137499809265137,7.122499942779541
7.137499809265137,7.122499942779541,7.070000171661377
7.122499942779541,7.070000171661377,6.9720001220703125
7.070000171661377,6.9720001220703125,6.790500164031982
6.9720001220703125,6.790500164031982,6.580500126
6.790500164031982,6.580500126,6.616499900817871
6.580500126,6.616499900817871,6.559000015258789
6.616499900817871,6.559000015258789,6.610499858856201
6.559000015258789,6.610499858856201,6.653999805
6.610499858856201,6.653999805,6.706500053405762
6.653999805,6.706500053405762,6.849500179290772
6.706500053405762,6.849500179290772,6.550000190734863
6.849500179290772,6.550000190734863,6.497499942779541
6.550000190734863,6.497499942779541,6.5625
6.497499942779541,6.5625,6.396500110626221
6.5625,6.396500110626221,6.25
6.396500110626221,6.25,6.248499870300293
6.25,6.248499870300293,6.224999904632568
6.248499870300293,6.224999904632568,6.259500026702881
6.224999904632568,6.259500026702881,6.289500236511231
6.259500026702881,6.289500236511231,6.34250021
6.289500236511231,6.34250021,6.380000114440918
6.34250021,6.380000114440918,6.328499794006348
6.380000114440918,6.328499794006348,6.321499824523926
6.328499794006348,6.321499824523926,6.457499980926514
6.321499824523926,6.457499980926514,6.409999847412109
6.457499980926514,6.409999847412109,6.330500126
6.409999847412109,6.330500126,6.099999904632568
6.330500126,6.099999904632568,6.073500156402588
6.099999904632568,6.073500156402588,6.175000190734863
6.073500156402588,6.175000190734863,6.176499843597412
6.175000190734863,6.176499843597412,6.284999847412109
6.176499843597412,6.284999847412109,6.3460001945495605
6.284999847412109,6.3460001945495605,6.399000168
6.3460001945495605,6.399000168,6.389999866485596
6.399000168,6.389999866485596,6.374000072479248
6.389999866485596,6.374000072479248,6.374000072479248
6.374000072479248,6.374000072479248,6.261499881744385
6.374000072479248,6.261499881744385,6.160999774932861
6.261499881744385,6.160999774932861,6.042500019073486
6.160999774932861,6.042500019073486,6.0879998207092285
6.042500019073486,6.0879998207092285,6.001999855041504
6.0879998207092285,6.001999855041504,5.823999881744385
6.001999855041504,5.823999881744385,5.633999824523926
5.823999881744385,5.633999824523926,5.584499835968018
5.633999824523926,5.584499835968018,5.564499855041504
5.584499835968018,5.564499855041504,5.626500129699707
5.564499855041504,5.626500129699707,5.681499958
5.626500129699707,5.681499958,5.874000072479248
5.681499958,5.874000072479248,5.869999885559082
5.874000072479248,5.869999885559082,5.985000133514404
5.869999885559082,5.985000133514404,6.243999958
5.985000133514404,6.243999958,6.1875
6.243999958,6.1875,6.124000072479248
6.1875,6.124000072479248,6.0960001945495605
6.124000072479248,6.0960001945495605,6.037000179290772
6.0960001945495605,6.037000179290772,6.0355000495910645
6.037000179290772,6.0355000495910645,6.0625
6.0355000495910645,6.0625,6.043499946594238
6.0625,6.043499946594238,5.964000225067139
6.043499946594238,5.964000225067139,5.929999828338623
5.964000225067139,5.929999828338623,5.925000190734863
5.929999828338623,5.925000190734863,5.909999847412109
5.925000190734863,5.909999847412109,5.943500042
5.909999847412109,5.943500042,5.936999797821045
5.943500042,5.936999797821045,6.019000053405762
5.936999797821045,6.019000053405762,6.143499851226807
6.019000053405762,6.143499851226807,6.423500061035156
6.143499851226807,6.423500061035156,6.400000095367432
6.423500061035156,6.400000095367432,6.420000076293945
6.400000095367432,6.420000076293945,6.496500015258789
6.420000076293945,6.496500015258789,6.5
6.496500015258789,6.5,6.406000137329102
6.5,6.406000137329102,6.349999904632568
6.406000137329102,6.349999904632568,6.374000072479248
6.349999904632568,6.374000072479248,6.368500232696533
6.374000072479248,6.368500232696533,6.499000072479248
6.368500232696533,6.499000072479248,6.540500164031982
6.499000072479248,6.540500164031982,6.500999927520752
6.540500164031982,6.500999927520752,6.401999950408936
6.500999927520752,6.401999950408936,6.460999965667725
6.401999950408936,6.460999965667725,6.271999835968018
6.460999965667725,6.271999835968018,6.368500232696533
6.271999835968018,6.368500232696533,6.379499912261963
6.368500232696533,6.379499912261963,6.331999778747559
6.379499912261963,6.331999778747559,6.347499847412109
6.331999778747559,6.347499847412109,6.295000076293945
6.347499847412109,6.295000076293945,6.630000114440918
6.295000076293945,6.630000114440918,6.760499954223633
6.630000114440918,6.760499954223633,6.974999904632568
6.760499954223633,6.974999904632568,6.929999828338623
6.974999904632568,6.929999828338623,6.985000133514404
6.929999828338623,6.985000133514404,7.068500042
6.985000133514404,7.068500042,7.130000114440918
7.068500042,7.130000114440918,7.2870001792907715
7.130000114440918,7.2870001792907715,7.335000038146973
7.2870001792907715,7.335000038146973,7.281000137329102
7.335000038146973,7.281000137329102,7.411499977111816
7.281000137329102,7.411499977111816,7.448999881744385
7.411499977111816,7.448999881744385,7.597499847412109
7.448999881744385,7.597499847412109,7.665500164031982
7.597499847412109,7.665500164031982,7.635000228881836
7.665500164031982,7.635000228881836,7.796000003814697
7.635000228881836,7.796000003814697,8.044500350952148
7.796000003814697,8.044500350952148,8.06000042
8.044500350952148,8.06000042,8.043999671936035
8.06000042,8.043999671936035,8.088999748
8.043999671936035,8.088999748,8.046500205993652
8.088999748,8.046500205993652,7.872000217437744
8.046500205993652,7.872000217437744,7.797999858856201
7.872000217437744,7.797999858856201,8.060500144958496
7.797999858856201,8.060500144958496,8.034000396728516
8.060500144958496,8.034000396728516,7.869999885559082
8.034000396728516,7.869999885559082,7.814000129699707
7.869999885559082,7.814000129699707,7.831500053405762
7.814000129699707,7.831500053405762,7.847499847412109
7.831500053405762,7.847499847412109,7.839499950408935
7.847499847412109,7.839499950408935,7.847499847412109
7.839499950408935,7.847499847412109,8.244000434875488
7.847499847412109,8.244000434875488,8.259499549865723
8.244000434875488,8.259499549865723,8.140000343322754
8.259499549865723,8.140000343322754,7.993500232696533
8.140000343322754,7.993500232696533,8.306500434875488
7.993500232696533,8.306500434875488,8.508500099182129
8.306500434875488,8.508500099182129,8.599499702453613
8.508500099182129,8.599499702453613,8.550000190734863
8.599499702453613,8.550000190734863,8.487500190734863
8.550000190734863,8.487500190734863,8.424500465393066
8.487500190734863,8.424500465393066,8.425000190734863
8.424500465393066,8.425000190734863,8.229000091552734
8.425000190734863,8.229000091552734,8.296999931
8.229000091552734,8.296999931,8.430500030517578
8.296999931,8.430500030517578,8.626500129699707
8.430500030517578,8.626500129699707,8.582500457763672
8.626500129699707,8.582500457763672,8.659999847
8.582500457763672,8.659999847,8.656999588012695
8.659999847,8.656999588012695,8.668499946594238
8.656999588012695,8.668499946594238,8.602499961853027
8.668499946594238,8.602499961853027,8.562999725341797
8.602499961853027,8.562999725341797,8.267499923706055
8.562999725341797,8.267499923706055,8.045499801635742
8.267499923706055,8.045499801635742,8.042499542236328
8.045499801635742,8.042499542236328,8.25
8.042499542236328,8.25,8.249500274658203
8.25,8.249500274658203,8.529999732971191
8.249500274658203,8.529999732971191,8.440500259399414
8.529999732971191,8.440500259399414,8.894499778747559
8.440500259399414,8.894499778747559,8.918999671936035
8.894499778747559,8.918999671936035,9.092000007629396
8.918999671936035,9.092000007629396,8.885000228881836
9.092000007629396,8.885000228881836,8.965999603271484
8.885000228881836,8.965999603271484,8.87250042
8.965999603271484,8.87250042,8.819999694824219
8.87250042,8.819999694824219,8.921500205993652
8.819999694824219,8.921500205993652,9.07349968
8.921500205993652,9.07349968,8.907999992370605
9.07349968,8.907999992370605,8.905500411987305
8.907999992370605,8.905500411987305,8.797499656677246
8.905500411987305,8.797499656677246,8.897000312805176
8.797499656677246,8.897000312805176,8.788000106811523
8.897000312805176,8.788000106811523,8.949999809265137
8.788000106811523,8.949999809265137,8.914999961853027
8.949999809265137,8.914999961853027,8.9375
8.914999961853027,8.9375,9.199000358581545
8.9375,9.199000358581545,9.282500267028809
9.199000358581545,9.282500267028809,9.272500038146973
9.282500267028809,9.272500038146973,9.248999596
9.272500038146973,9.248999596,9.156999588012695
9.248999596,9.156999588012695,9.138500213623049
9.156999588012695,9.138500213623049,9.217499732971191
9.138500213623049,9.217499732971191,9.227499961853027
9.217499732971191,9.227499961853027,9.114999771118164
9.227499961853027,9.114999771118164,9.300000190734863
9.114999771118164,9.300000190734863,9.385000228881836
9.300000190734863,9.385000228881836,9.37250042
9.385000228881836,9.37250042,9.370499611
9.37250042,9.370499611,9.422499656677246
9.370499611,9.422499656677246,9.264499664
9.422499656677246,9.264499664,9.300000190734863
9.264499664,9.300000190734863,9.269000053405762
9.300000190734863,9.269000053405762,9.322500228881836
9.269000053405762,9.322500228881836,9.446999549865724
9.322500228881836,9.446999549865724,9.579999923706056
9.446999549865724,9.579999923706056,9.550000190734863
9.579999923706056,9.550000190734863,9.342499732971191
9.550000190734863,9.342499732971191,9.162500381469728
9.342499732971191,9.162500381469728,8.924500465393066
9.162500381469728,8.924500465393066,8.837499618530273
8.924500465393066,8.837499618530273,8.894499778747559
8.837499618530273,8.894499778747559,9.25
8.894499778747559,9.25,8.685500144958496
9.25,8.685500144958496,8.571999549865723
8.685500144958496,8.571999549865723,8.654999732971191
8.571999549865723,8.654999732971191,8.760000228881836
8.654999732971191,8.760000228881836,8.733499526977539
8.760000228881836,8.733499526977539,8.859499931
8.733499526977539,8.859499931,8.87749958
8.859499931,8.87749958,9.155500411987305
8.87749958,9.155500411987305,9.32349968
9.155500411987305,9.32349968,9.362000465393066
9.32349968,9.362000465393066,9.475000381469728
9.362000465393066,9.475000381469728,9.569999695
9.475000381469728,9.569999695,9.524499893188477
9.569999695,9.524499893188477,9.5
9.524499893188477,9.5,9.454500198364258
9.5,9.454500198364258,9.425000190734863
9.454500198364258,9.425000190734863,9.236000061035156
9.425000190734863,9.236000061035156,9.057499885559082
9.236000061035156,9.057499885559082,8.987500190734863
9.057499885559082,8.987500190734863,9.037500381469728
8.987500190734863,9.037500381469728,8.794500350952148
9.037500381469728,8.794500350952148,8.697999954223633
8.794500350952148,8.697999954223633,8.664999961853027
8.697999954223633,8.664999961853027,8.722999572753906
8.664999961853027,8.722999572753906,8.637499809265137
8.722999572753906,8.637499809265137,8.604499816894531
8.637499809265137,8.604499816894531,8.485500336
8.604499816894531,8.485500336,8.487500190734863
8.485500336,8.487500190734863,8.423500061035156
8.487500190734863,8.423500061035156,8.460000038146973
8.423500061035156,8.460000038146973,8.404000282287598
8.460000038146973,8.404000282287598,8.343999862670898
8.404000282287598,8.343999862670898,8.406999588012695
8.343999862670898,8.406999588012695,8.31499958
8.406999588012695,8.31499958,8.177000045776367
8.31499958,8.177000045776367,8.289500237
8.177000045776367,8.289500237,8.222000122070312
8.289500237,8.222000122070312,8.312999725341797
8.222000122070312,8.312999725341797,8.600000381469727
8.312999725341797,8.600000381469727,8.674500465393066
8.600000381469727,8.674500465393066,8.625
8.674500465393066,8.625,8.741999626159668
8.625,8.741999626159668,9.057999611
8.741999626159668,9.057999611,9.078499794006348
9.057999611,9.078499794006348,9.162500381469728
9.078499794006348,9.162500381469728,9.180500030517578
9.162500381469728,9.180500030517578,9.317999839782717
9.180500030517578,9.317999839782717,9.413499832
9.317999839782717,9.413499832,9.258500099182127
9.413499832,9.258500099182127,9.310999870300291
9.258500099182127,9.310999870300291,9.324500084
9.310999870300291,9.324500084,9.229499816894531
9.324500084,9.229499816894531,9.144000053405762
9.229499816894531,9.144000053405762,9.104000091552734
9.144000053405762,9.104000091552734,9.088999748
9.104000091552734,9.088999748,8.945500373840332
9.088999748,8.945500373840332,8.973500252
8.945500373840332,8.973500252,9.25
8.973500252,9.25,9.298500061035156
9.25,9.298500061035156,9.317500114440918
9.298500061035156,9.317500114440918,9.321000099182127
9.317500114440918,9.321000099182127,9.890000343322754
9.321000099182127,9.890000343322754,9.839500427246094
9.890000343322754,9.839500427246094,9.829500198364258
9.839500427246094,9.829500198364258,10.17099952697754
9.829500198364258,10.17099952697754,10.12950038909912
10.17099952697754,10.12950038909912,10.093000411987305
10.12950038909912,10.093000411987305,10.050000190734863
10.093000411987305,10.050000190734863,9.977999687194824
10.050000190734863,9.977999687194824,10.118000030517578
9.977999687194824,10.118000030517578,10.26449966430664
10.118000030517578,10.26449966430664,10.274999618530272
10.26449966430664,10.274999618530272,10.309499740600586
10.274999618530272,10.309499740600586,10.319499969482422
10.309499740600586,10.319499969482422,10.045000076293944
10.319499969482422,10.045000076293944,9.798999786376951
10.045000076293944,9.798999786376951,9.913999557495115
9.798999786376951,9.913999557495115,9.99750042
9.913999557495115,9.99750042,9.989999771118164
9.99750042,9.989999771118164,9.864500045776367
9.989999771118164,9.864500045776367,9.850000381469728
9.864500045776367,9.850000381469728,9.717499732971191
9.850000381469728,9.717499732971191,9.822500228881836
9.717499732971191,9.822500228881836,9.805999755859377
9.822500228881836,9.805999755859377,9.921999931
9.805999755859377,9.921999931,9.862999916
9.921999931,9.862999916,9.722000122070312
9.862999916,9.722000122070312,9.660499572753906
9.722000122070312,9.660499572753906,9.492500305
9.660499572753906,9.492500305,9.531499862670898
9.492500305,9.531499862670898,9.490500450134276
9.531499862670898,9.490500450134276,9.588000297546388
9.490500450134276,9.588000297546388,9.538499832
9.588000297546388,9.538499832,9.465499877929688
9.538499832,9.465499877929688,9.536000252
9.465499877929688,9.536000252,9.62250042
9.536000252,9.62250042,9.350000381469728
9.62250042,9.350000381469728,9.369500160217283
9.350000381469728,9.369500160217283,9.442500114440918
9.369500160217283,9.442500114440918,9.75
9.442500114440918,9.75,9.760000228881836
9.75,9.760000228881836,9.722999572753906
9.760000228881836,9.722999572753906,9.746000289916992
9.722999572753906,9.746000289916992,10.128999710083008
9.746000289916992,10.128999710083008,10.144000053405762
10.128999710083008,10.144000053405762,10.3125
10.144000053405762,10.3125,10.260000228881836
10.3125,10.260000228881836,10.513500213623049
10.260000228881836,10.513500213623049,10.72249984741211
10.513500213623049,10.72249984741211,10.720000267028809
10.72249984741211,10.720000267028809,10.890000343322754
10.720000267028809,10.890000343322754,10.916000366210938
10.890000343322754,10.916000366210938,10.875
10.916000366210938,10.875,10.782500267028809
10.875,10.782500267028809,10.841500282287598
10.782500267028809,10.841500282287598,10.795499801635742
10.841500282287598,10.795499801635742,10.726499557495115
10.795499801635742,10.726499557495115,10.669500350952148
10.726499557495115,10.669500350952148,10.920000076293944
10.669500350952148,10.920000076293944,11.010000228881836
10.920000076293944,11.010000228881836,10.854499816894531
11.010000228881836,10.854499816894531,10.897500038146973
10.854499816894531,10.897500038146973,10.803999900817873
10.897500038146973,10.803999900817873,10.779999732971191
10.803999900817873,10.779999732971191,11.359999656677246
10.779999732971191,11.359999656677246,11.297499656677246
11.359999656677246,11.297499656677246,11.287500381469728
11.297499656677246,11.287500381469728,11.37250042
11.287500381469728,11.37250042,11.121500015258787
11.37250042,11.121500015258787,10.741499900817873
11.121500015258787,10.741499900817873,10.399999618530272
10.741499900817873,10.399999618530272,10.366000175476074
10.399999618530272,10.366000175476074,10.01949977874756
10.366000175476074,10.01949977874756,10.25450038909912
10.01949977874756,10.25450038909912,10.119999885559082
10.25450038909912,10.119999885559082,10.042499542236328
10.119999885559082,10.042499542236328,10.227999687194824
10.042499542236328,10.227999687194824,10.263999938964844
10.227999687194824,10.263999938964844,10.069499969482422
10.263999938964844,10.069499969482422,9.979999542236328
10.069499969482422,9.979999542236328,9.567000389
9.979999542236328,9.567000389,9.5
9.567000389,9.5,9.210000038146973
9.5,9.210000038146973,9.741999626159668
9.210000038146973,9.741999626159668,9.815500259399414
9.741999626159668,9.815500259399414,9.849499702453612
9.815500259399414,9.849499702453612,9.986000061035156
9.849499702453612,9.986000061035156,10.333499908447266
9.986000061035156,10.333499908447266,10.624500274658203
10.333499908447266,10.624500274658203,10.808500289916992
10.624500274658203,10.808500289916992,10.881999969482422
10.808500289916992,10.881999969482422,10.534500122070312
10.881999969482422,10.534500122070312,10.829999923706056
10.534500122070312,10.829999923706056,11.009499549865724
10.829999923706056,11.009499549865724,11.031999588012695
11.009499549865724,11.031999588012695,10.847999572753906
11.031999588012695,10.847999572753906,10.833000183105469
10.847999572753906,10.833000183105469,10.99750042
10.833000183105469,10.99750042,11.249500274658203
10.99750042,11.249500274658203,11.359999656677246
11.249500274658203,11.359999656677246,12.022000312805176
11.359999656677246,12.022000312805176,12.199999809265137
12.022000312805176,12.199999809265137,12.052499771118164
12.199999809265137,12.052499771118164,12.026000022888184
12.052499771118164,12.026000022888184,11.439499855041504
12.026000022888184,11.439499855041504,11.224499702453612
11.439499855041504,11.224499702453612,11.51200008392334
11.224499702453612,11.51200008392334,11.737500190734863
11.51200008392334,11.737500190734863,11.790499687194824
11.737500190734863,11.790499687194824,11.71500015258789
11.790499687194824,11.71500015258789,11.149999618530272
11.71500015258789,11.149999618530272,11.079999923706056
11.149999618530272,11.079999923706056,10.75
11.079999923706056,10.75,11.008500099182127
10.75,11.008500099182127,11.180999755859377
11.008500099182127,11.180999755859377,11.395000457763672
11.180999755859377,11.395000457763672,11.640000343322754
11.395000457763672,11.640000343322754,11.837499618530272
11.640000343322754,11.837499618530272,12.092000007629396
11.837499618530272,12.092000007629396,11.984000205993652
12.092000007629396,11.984000205993652,12.33549976348877
11.984000205993652,12.33549976348877,12.33549976348877
12.33549976348877,12.33549976348877,12.23050022125244
12.33549976348877,12.23050022125244,12.166500091552734
12.23050022125244,12.166500091552734,11.737000465393066
12.166500091552734,11.737000465393066,11.850000381469728
11.737000465393066,11.850000381469728,12.023500442504885
11.850000381469728,12.023500442504885,11.950499534606934
12.023500442504885,11.950499534606934,10.378999710083008
11.950499534606934,10.378999710083008,10.43000030517578
10.378999710083008,10.43000030517578,10.920000076293944
10.43000030517578,10.920000076293944,10.944499969482422
10.920000076293944,10.944499969482422,10.810500144958496
10.944499969482422,10.810500144958496,10.839500427246094
10.810500144958496,10.839500427246094,10.925000190734863
10.839500427246094,10.925000190734863,10.911499977111816
10.925000190734863,10.911499977111816,11.010000228881836
10.911499977111816,11.010000228881836,10.967499732971191
11.010000228881836,10.967499732971191,10.78499984741211
10.967499732971191,10.78499984741211,10.70300006866455
10.78499984741211,10.70300006866455,10.894000053405762
10.70300006866455,10.894000053405762,11.11750030517578
10.894000053405762,11.11750030517578,11.01650047302246
11.11750030517578,11.01650047302246,10.84850025177002
11.01650047302246,10.84850025177002,10.645000457763672
10.84850025177002,10.645000457763672,10.267000198364258
10.645000457763672,10.267000198364258,9.668000221
10.267000198364258,9.668000221,9.701999664
9.668000221,9.701999664,9.729999542236328
9.701999664,9.729999542236328,9.541500091552734
9.729999542236328,9.541500091552734,9.730999946594238
9.541500091552734,9.730999946594238,9.774999618530272
9.730999946594238,9.774999618530272,9.765000343322754
9.774999618530272,9.765000343322754,9.903499603271484
9.765000343322754,9.903499603271484,9.982999801635742
9.903499603271484,9.982999801635742,9.949999809265137
9.982999801635742,9.949999809265137,9.916000366210938
9.949999809265137,9.916000366210938,9.835499763
9.916000366210938,9.835499763,9.794500350952148
9.835499763,9.794500350952148,9.697500228881836
9.794500350952148,9.697500228881836,9.557499885559082
9.697500228881836,9.557499885559082,9.484000205993652
9.557499885559082,9.484000205993652,9.037500381469728
9.484000205993652,9.037500381469728,9.239999771118164
9.037500381469728,9.239999771118164,9.220499992370604
9.239999771118164,9.220499992370604,9.158499717712402
9.220499992370604,9.158499717712402,9.158499717712402
9.158499717712402,9.158499717712402,9.175000190734863
9.158499717712402,9.175000190734863,8.983499526977539
9.175000190734863,8.983499526977539,8.984000205993652
8.983499526977539,8.984000205993652,8.929499626159668
8.984000205993652,8.929499626159668,8.832500457763672
8.929499626159668,8.832500457763672,8.727499961853027
8.832500457763672,8.727499961853027,8.758500099182129
8.727499961853027,8.758500099182129,8.973999977111816
8.758500099182129,8.973999977111816,9.024999618530272
8.973999977111816,9.024999618530272,8.912500381469727
9.024999618530272,8.912500381469727,9.232500076293944
8.912500381469727,9.232500076293944,9.218500137329102
9.232500076293944,9.218500137329102,9.119999885559082
9.218500137329102,9.119999885559082,9.038499832
9.119999885559082,9.038499832,8.974499702453613
9.038499832,8.974499702453613,8.93999958
8.974499702453613,8.93999958,9.164999961853027
8.93999958,9.164999961853027,9.512499809265137
9.164999961853027,9.512499809265137,9.796999931
9.512499809265137,9.796999931,9.645000457763672
9.796999931,9.645000457763672,9.586500168
9.645000457763672,9.586500168,9.420499801635742
9.586500168,9.420499801635742,9.408499717712402
9.420499801635742,9.408499717712402,9.742500305
9.408499717712402,9.742500305,9.824999809265137
9.742500305,9.824999809265137,9.75
9.824999809265137,9.75,9.781499862670898
9.75,9.781499862670898,8.99750042
9.781499862670898,8.99750042,9.097000122070312
8.99750042,9.097000122070312,9.395000457763672
9.097000122070312,9.395000457763672,9.328000069
9.395000457763672,9.328000069,9.246999740600586
9.328000069,9.246999740600586,9.324500084
9.246999740600586,9.324500084,9.284500122070312
9.324500084,9.284500122070312,9.381500244140623
9.284500122070312,9.381500244140623,9.625
9.381500244140623,9.625,9.678500175476074
9.625,9.678500175476074,9.576999664
9.678500175476074,9.576999664,9.083999633789062
9.576999664,9.083999633789062,9.170499801635742
9.083999633789062,9.170499801635742,9.237500190734863
9.170499801635742,9.237500190734863,9.149499893188477
9.237500190734863,9.149499893188477,9.037500381469728
9.149499893188477,9.037500381469728,9.036999702453612
9.037500381469728,9.036999702453612,8.959500312805176
9.036999702453612,8.959500312805176,9.214500427246094
8.959500312805176,9.214500427246094,9.199999809265137
9.214500427246094,9.199999809265137,9.024499893188477
9.199999809265137,9.024499893188477,9.092000007629396
9.024499893188477,9.092000007629396,9.090999603271484
9.092000007629396,9.090999603271484,9.175000190734863
9.090999603271484,9.175000190734863,9.274999618530272
9.175000190734863,9.274999618530272,9.418999671936035
9.274999618530272,9.418999671936035,9.359999656677246
9.418999671936035,9.359999656677246,9.270000457763672
9.359999656677246,9.270000457763672,9.243499755859377
9.270000457763672,9.243499755859377,9.215999603271484
9.243499755859377,9.215999603271484,9.221500396728516
9.215999603271484,9.221500396728516,9.284000396728516
9.221500396728516,9.284000396728516,9.333999633789062
9.284000396728516,9.333999633789062,9.720499992370604
9.333999633789062,9.720499992370604,9.713999748
9.720499992370604,9.713999748,9.703000069
9.713999748,9.703000069,9.81000042
9.703000069,9.81000042,10.148500442504885
9.81000042,10.148500442504885,10.49250030517578
10.148500442504885,10.49250030517578,10.350000381469728
10.49250030517578,10.350000381469728,10.26550006866455
10.350000381469728,10.26550006866455,10.342499732971191
10.26550006866455,10.342499732971191,9.994999885559082
10.342499732971191,9.994999885559082,10.119500160217283
9.994999885559082,10.119500160217283,9.883999824523926
10.119500160217283,9.883999824523926,9.80150032
9.883999824523926,9.80150032,9.710000038146973
9.80150032,9.710000038146973,9.675999641418455
9.710000038146973,9.675999641418455,9.598500252
9.675999641418455,9.598500252,9.612999916
9.598500252,9.612999916,9.496999740600586
9.612999916,9.496999740600586,9.473500252
9.496999740600586,9.473500252,9.501999855041504
9.473500252,9.501999855041504,9.672499656677246
9.501999855041504,9.672499656677246,9.727499961853027
9.672499656677246,9.727499961853027,9.673999786376951
9.727499961853027,9.673999786376951,9.449500084
9.673999786376951,9.449500084,9.534999847
9.449500084,9.534999847,9.739999771118164
9.534999847,9.739999771118164,9.817999839782717
9.739999771118164,9.817999839782717,11.434499740600586
9.817999839782717,11.434499740600586,11.69200038909912
11.434499740600586,11.69200038909912,11.648500442504885
11.69200038909912,11.648500442504885,11.571999549865724
11.648500442504885,11.571999549865724,11.626500129699709
11.571999549865724,11.626500129699709,11.486000061035156
11.626500129699709,11.486000061035156,11.343500137329102
11.486000061035156,11.343500137329102,11.26949977874756
11.343500137329102,11.26949977874756,11.288999557495115
11.26949977874756,11.288999557495115,11.45400047302246
11.288999557495115,11.45400047302246,11.534000396728516
11.45400047302246,11.534000396728516,11.364500045776367
11.534000396728516,11.364500045776367,11.530500411987305
11.364500045776367,11.530500411987305,11.399999618530272
11.530500411987305,11.399999618530272,11.300000190734863
11.399999618530272,11.300000190734863,10.981499671936035
11.300000190734863,10.981499671936035,10.99899959564209
10.981499671936035,10.99899959564209,10.943499565124512
10.99899959564209,10.943499565124512,10.87749958
10.943499565124512,10.87749958,10.883000373840332
10.87749958,10.883000373840332,10.798999786376951
10.883000373840332,10.798999786376951,10.827500343322754
10.798999786376951,10.827500343322754,10.64900016784668
10.827500343322754,10.64900016784668,10.689499855041504
10.64900016784668,10.689499855041504,10.56149959564209
10.689499855041504,10.56149959564209,10.767499923706056
10.56149959564209,10.767499923706056,10.843000411987305
10.767499923706056,10.843000411987305,10.920000076293944
10.843000411987305,10.920000076293944,11.07450008392334
10.920000076293944,11.07450008392334,10.970999717712402
11.07450008392334,10.970999717712402,11.043499946594238
10.970999717712402,11.043499946594238,10.899999618530272
11.043499946594238,10.899999618530272,10.869000434875488
10.899999618530272,10.869000434875488,10.824999809265137
10.869000434875488,10.824999809265137,10.966500282287598
10.824999809265137,10.966500282287598,11.187999725341797
10.966500282287598,11.187999725341797,11.260000228881836
11.187999725341797,11.260000228881836,11.237000465393066
11.260000228881836,11.237000465393066,11.30150032043457
11.237000465393066,11.30150032043457,11.125499725341797
11.30150032043457,11.125499725341797,11.079500198364258
11.125499725341797,11.079500198364258,11.319499969482422
11.079500198364258,11.319499969482422,11.375
11.319499969482422,11.375,11.230999946594238
11.375,11.230999946594238,11.417499542236328
11.230999946594238,11.417499542236328,11.467000007629396
11.417499542236328,11.467000007629396,11.476499557495115
11.467000007629396,11.476499557495115,11.524999618530272
11.476499557495115,11.524999618530272,11.44499969482422
11.524999618530272,11.44499969482422,11.300000190734863
11.44499969482422,11.300000190734863,11.357000350952148
11.300000190734863,11.357000350952148,11.086999893188477
11.357000350952148,11.086999893188477,10.864999771118164
11.086999893188477,10.864999771118164,10.965499877929688
10.864999771118164,10.965499877929688,10.915499687194824
10.965499877929688,10.915499687194824,10.897000312805176
10.915499687194824,10.897000312805176,10.933500289916992
10.897000312805176,10.933500289916992,11.375
10.933500289916992,11.375,11.469499588012695
11.375,11.469499588012695,11.32900047302246
11.469499588012695,11.32900047302246,11.330499649047852
11.32900047302246,11.330499649047852,11.125
11.330499649047852,11.125,11.072500228881836
11.125,11.072500228881836,11.916999816894531
11.072500228881836,11.916999816894531,12.036999702453612
11.916999816894531,12.036999702453612,11.81499958
12.036999702453612,11.81499958,11.718999862670898
11.81499958,11.718999862670898,11.717000007629396
11.718999862670898,11.717000007629396,11.82450008392334
11.717000007629396,11.82450008392334,11.786999702453612
11.82450008392334,11.786999702453612,11.899999618530272
11.786999702453612,11.899999618530272,11.822500228881836
11.899999618530272,11.822500228881836,11.799500465393066
11.822500228881836,11.799500465393066,11.74250030517578
11.799500465393066,11.74250030517578,11.718500137329102
11.74250030517578,11.718500137329102,11.836000442504885
11.718500137329102,11.836000442504885,11.906999588012695
11.836000442504885,11.906999588012695,12.140999794006348
11.906999588012695,12.140999794006348,12.167499542236328
12.140999794006348,12.167499542236328,12.082500457763672
12.167499542236328,12.082500457763672,12.192500114440918
12.082500457763672,12.192500114440918,12.244999885559082
12.192500114440918,12.244999885559082,12.173999786376951
12.244999885559082,12.173999786376951,12.343500137329102
12.173999786376951,12.343500137329102,12.375
12.343500137329102,12.375,12.33899974822998
12.375,12.33899974822998,12.380499839782717
12.33899974822998,12.380499839782717,12.5
12.380499839782717,12.5,12.47249984741211
12.5,12.47249984741211,12.550000190734863
12.47249984741211,12.550000190734863,12.430500030517578
12.550000190734863,12.430500030517578,12.635000228881836
12.430500030517578,12.635000228881836,12.970999717712402
12.635000228881836,12.970999717712402,13.0
12.970999717712402,13.0,12.880000114440918
13.0,12.880000114440918,12.888999938964844
12.880000114440918,12.888999938964844,13.100000381469728
12.888999938964844,13.100000381469728,13.205499649047852
13.100000381469728,13.205499649047852,13.0625
13.205499649047852,13.0625,13.024999618530272
13.0625,13.024999618530272,13.142000198364258
13.024999618530272,13.142000198364258,13.043499946594238
13.142000198364258,13.043499946594238,13.100000381469728
13.043499946594238,13.100000381469728,12.779999732971191
13.100000381469728,12.779999732971191,12.947500228881836
12.779999732971191,12.947500228881836,12.73050022125244
12.947500228881836,12.73050022125244,12.869999885559082
12.73050022125244,12.869999885559082,12.850000381469728
12.869999885559082,12.850000381469728,12.80799961090088
12.850000381469728,12.80799961090088,12.657500267028809
12.80799961090088,12.657500267028809,12.80500030517578
12.657500267028809,12.80500030517578,13.076000213623049
12.80500030517578,13.076000213623049,13.095000267028809
13.076000213623049,13.095000267028809,12.989999771118164
13.095000267028809,12.989999771118164,12.967499732971191
12.989999771118164,12.967499732971191,12.623000144958496
12.967499732971191,12.623000144958496,12.46500015258789
12.623000144958496,12.46500015258789,12.27299976348877
12.46500015258789,12.27299976348877,12.23900032043457
12.27299976348877,12.23900032043457,12.28849983215332
12.23900032043457,12.28849983215332,12.43999958
12.28849983215332,12.43999958,12.545499801635742
12.43999958,12.545499801635742,12.340999603271484
12.545499801635742,12.340999603271484,11.947500228881836
12.340999603271484,11.947500228881836,11.824999809265137
11.947500228881836,11.824999809265137,11.79699993133545
11.824999809265137,11.79699993133545,11.54599952697754
11.79699993133545,11.54599952697754,11.935500144958496
11.54599952697754,11.935500144958496,11.93500042
11.935500144958496,11.93500042,11.727499961853027
11.93500042,11.727499961853027,11.869999885559082
11.727499961853027,11.869999885559082,11.741499900817873
11.869999885559082,11.741499900817873,11.887499809265137
11.741499900817873,11.887499809265137,11.782999992370604
11.887499809265137,11.782999992370604,11.672499656677246
11.782999992370604,11.672499656677246,11.548500061035156
11.672499656677246,11.548500061035156,11.461000442504885
11.548500061035156,11.461000442504885,11.395000457763672
11.461000442504885,11.395000457763672,11.37049961090088
11.395000457763672,11.37049961090088,11.258000373840332
11.37049961090088,11.258000373840332,11.3125
11.258000373840332,11.3125,11.625
11.3125,11.625,11.690999984741213
11.625,11.690999984741213,11.933500289916992
11.690999984741213,11.933500289916992,12.0
11.933500289916992,12.0,12.215999603271484
12.0,12.215999603271484,12.283499717712402
12.215999603271484,12.283499717712402,12.361499786376951
12.283499717712402,12.361499786376951,12.62399959564209
12.361499786376951,12.62399959564209,12.63249969482422
12.62399959564209,12.63249969482422,12.708000183105469
12.63249969482422,12.708000183105469,12.649999618530272
12.708000183105469,12.649999618530272,12.77750015258789
12.649999618530272,12.77750015258789,12.758500099182127
12.77750015258789,12.758500099182127,12.760499954223633
12.758500099182127,12.760499954223633,12.73900032043457
12.760499954223633,12.73900032043457,12.673999786376951
12.73900032043457,12.673999786376951,12.718000411987305
12.673999786376951,12.718000411987305,12.72700023651123
12.718000411987305,12.72700023651123,12.595000267028809
12.72700023651123,12.595000267028809,12.699999809265137
12.595000267028809,12.699999809265137,13.155500411987305
12.699999809265137,13.155500411987305,13.083499908447266
13.155500411987305,13.083499908447266,13.12049961090088
13.083499908447266,13.12049961090088,12.918999671936035
13.12049961090088,12.918999671936035,12.975000381469728
12.918999671936035,12.975000381469728,12.871000289916992
12.975000381469728,12.871000289916992,12.467499732971191
12.871000289916992,12.467499732971191,12.371999740600586
12.467499732971191,12.371999740600586,12.62049961090088
12.371999740600586,12.62049961090088,12.904999732971191
12.62049961090088,12.904999732971191,13.043999671936035
12.904999732971191,13.043999671936035,12.989999771118164
13.043999671936035,12.989999771118164,13.486499786376951
12.989999771118164,13.486499786376951,13.449000358581545
13.486499786376951,13.449000358581545,13.475000381469728
13.449000358581545,13.475000381469728,13.437000274658203
13.475000381469728,13.437000274658203,13.421500205993652
13.437000274658203,13.421500205993652,13.713000297546388
13.421500205993652,13.713000297546388,13.636500358581545
13.713000297546388,13.636500358581545,13.562000274658203
13.636500358581545,13.562000274658203,13.59850025177002
13.562000274658203,13.59850025177002,13.725000381469728
13.59850025177002,13.725000381469728,13.604999542236328
13.725000381469728,13.604999542236328,13.554499626159668
13.604999542236328,13.554499626159668,13.832500457763672
13.554499626159668,13.832500457763672,14.236000061035156
13.832500457763672,14.236000061035156,14.223999977111816
14.236000061035156,14.223999977111816,13.77299976348877
14.223999977111816,13.77299976348877,14.210000038146973
13.77299976348877,14.210000038146973,13.79699993133545
14.210000038146973,13.79699993133545,13.446499824523926
13.79699993133545,13.446499824523926,13.234000205993652
13.446499824523926,13.234000205993652,13.40149974822998
13.234000205993652,13.40149974822998,13.344499588012695
13.40149974822998,13.344499588012695,13.204999923706056
13.344499588012695,13.204999923706056,13.262499809265137
13.204999923706056,13.262499809265137,13.162500381469728
13.262499809265137,13.162500381469728,13.008000373840332
13.162500381469728,13.008000373840332,13.498000144958496
13.008000373840332,13.498000144958496,13.532500267028809
13.498000144958496,13.532500267028809,13.446000099182127
13.532500267028809,13.446000099182127,13.505499839782717
13.446000099182127,13.505499839782717,13.71500015258789
13.505499839782717,13.71500015258789,13.473999977111816
13.71500015258789,13.473999977111816,13.35550022125244
13.473999977111816,13.35550022125244,13.434499740600586
13.35550022125244,13.434499740600586,13.10200023651123
13.434499740600586,13.10200023651123,13.291500091552734
13.10200023651123,13.291500091552734,13.350000381469728
13.291500091552734,13.350000381469728,13.329999923706056
13.350000381469728,13.329999923706056,13.664999961853027
13.329999923706056,13.664999961853027,13.833999633789062
13.664999961853027,13.833999633789062,13.82450008392334
13.833999633789062,13.82450008392334,13.739999771118164
13.82450008392334,13.739999771118164,13.772000312805176
13.739999771118164,13.772000312805176,13.69950008392334
13.772000312805176,13.69950008392334,13.869999885559082
13.69950008392334,13.869999885559082,13.824999809265137
13.869999885559082,13.824999809265137,13.5
13.824999809265137,13.5,13.36299991607666
13.5,13.36299991607666,13.07450008392334
13.36299991607666,13.07450008392334,12.975000381469728
13.07450008392334,12.975000381469728,12.98799991607666
12.975000381469728,12.98799991607666,12.850000381469728
12.98799991607666,12.850000381469728,12.888500213623049
12.850000381469728,12.888500213623049,12.971500396728516
12.888500213623049,12.971500396728516,13.074000358581545
12.971500396728516,13.074000358581545,13.296500205993652
13.074000358581545,13.296500205993652,13.369000434875488
13.296500205993652,13.369000434875488,13.369999885559082
13.369000434875488,13.369999885559082,13.294500350952148
13.369999885559082,13.294500350952148,13.183500289916992
13.294500350952148,13.183500289916992,13.020500183105469
13.183500289916992,13.020500183105469,12.809000015258787
13.020500183105469,12.809000015258787,12.984000205993652
12.809000015258787,12.984000205993652,13.130499839782717
12.984000205993652,13.130499839782717,13.298999786376951
13.130499839782717,13.298999786376951,13.548500061035156
13.298999786376951,13.548500061035156,13.66349983215332
13.548500061035156,13.66349983215332,13.755999565124512
13.66349983215332,13.755999565124512,13.640000343322754
13.755999565124512,13.640000343322754,13.542499542236328
13.640000343322754,13.542499542236328,13.349499702453612
13.542499542236328,13.349499702453612,13.144000053405762
13.349499702453612,13.144000053405762,13.229999542236328
13.144000053405762,13.229999542236328,13.493499755859377
13.229999542236328,13.493499755859377,13.57349967956543
13.493499755859377,13.57349967956543,13.789999961853027
13.57349967956543,13.789999961853027,13.60099983215332
13.789999961853027,13.60099983215332,12.850500106811523
13.60099983215332,12.850500106811523,12.734000205993652
12.850500106811523,12.734000205993652,12.710000038146973
12.734000205993652,12.710000038146973,12.646499633789062
12.710000038146973,12.646499633789062,12.962499618530272
12.646499633789062,12.962499618530272,12.975000381469728
12.962499618530272,12.975000381469728,12.987000465393066
12.975000381469728,12.987000465393066,13.015000343322754
12.987000465393066,13.015000343322754,13.177499771118164
13.015000343322754,13.177499771118164,13.182499885559082
13.177499771118164,13.182499885559082,13.293999671936035
13.182499885559082,13.293999671936035,13.470000267028809
13.293999671936035,13.470000267028809,13.452500343322754
13.470000267028809,13.452500343322754,13.421500205993652
13.452500343322754,13.421500205993652,13.49899959564209
13.421500205993652,13.49899959564209,13.589500427246094
13.49899959564209,13.589500427246094,13.53849983215332
13.589500427246094,13.53849983215332,13.37950038909912
13.53849983215332,13.37950038909912,13.158499717712402
13.37950038909912,13.158499717712402,13.096500396728516
13.158499717712402,13.096500396728516,13.55500030517578
13.096500396728516,13.55500030517578,13.412500381469728
13.55500030517578,13.412500381469728,13.428500175476074
13.412500381469728,13.428500175476074,13.595499992370604
13.428500175476074,13.595499992370604,13.455499649047852
13.595499992370604,13.455499649047852,13.444000244140623
13.455499649047852,13.444000244140623,13.583000183105469
13.444000244140623,13.583000183105469,13.524999618530272
13.583000183105469,13.524999618530272,14.005000114440918
13.524999618530272,14.005000114440918,14.123499870300291
14.005000114440918,14.123499870300291,13.920499801635742
14.123499870300291,13.920499801635742,13.84000015258789
13.920499801635742,13.84000015258789,13.84000015258789
13.84000015258789,13.84000015258789,13.853500366210938
13.84000015258789,13.853500366210938,14.010000228881836
13.853500366210938,14.010000228881836,14.145500183105469
14.010000228881836,14.145500183105469,14.166999816894531
14.145500183105469,14.166999816894531,13.93000030517578
14.166999816894531,13.93000030517578,13.791999816894531
13.93000030517578,13.791999816894531,13.657999992370604
13.791999816894531,13.657999992370604,13.673500061035156
13.657999992370604,13.673500061035156,13.89900016784668
13.673500061035156,13.89900016784668,14.010000228881836
13.89900016784668,14.010000228881836,13.991499900817873
14.010000228881836,13.991499900817873,14.16450023651123
13.991499900817873,14.16450023651123,14.32900047302246
14.16450023651123,14.32900047302246,14.270000457763672
14.32900047302246,14.270000457763672,14.319000244140623
14.270000457763672,14.319000244140623,14.583499908447266
14.319000244140623,14.583499908447266,14.628499984741213
14.583499908447266,14.628499984741213,14.666999816894531
14.628499984741213,14.666999816894531,15.034500122070312
14.666999816894531,15.034500122070312,15.37749958
15.034500122070312,15.37749958,15.399499893188477
15.37749958,15.399499893188477,15.469499588012695
15.399499893188477,15.469499588012695,15.43999958
15.469499588012695,15.43999958,15.31700038909912
15.43999958,15.31700038909912,15.28950023651123
15.31700038909912,15.28950023651123,15.462499618530272
15.28950023651123,15.462499618530272,15.253000259399414
15.462499618530272,15.253000259399414,15.19200038909912
15.253000259399414,15.19200038909912,15.225000381469728
15.19200038909912,15.225000381469728,15.680999755859377
15.225000381469728,15.680999755859377,15.649999618530272
15.680999755859377,15.649999618530272,15.48900032043457
15.649999618530272,15.48900032043457,15.25749969482422
15.48900032043457,15.25749969482422,15.310500144958496
15.25749969482422,15.310500144958496,15.26650047302246
15.310500144958496,15.26650047302246,15.180999755859377
15.26650047302246,15.180999755859377,15.067999839782717
15.180999755859377,15.067999839782717,15.049500465393066
15.067999839782717,15.049500465393066,14.925999641418455
15.049500465393066,14.925999641418455,14.963500022888184
14.925999641418455,14.963500022888184,14.95400047302246
14.963500022888184,14.95400047302246,14.818499565124512
14.95400047302246,14.818499565124512,14.714500427246094
14.818499565124512,14.714500427246094,14.46500015258789
14.714500427246094,14.46500015258789,14.416500091552734
14.46500015258789,14.416500091552734,14.477999687194824
14.416500091552734,14.477999687194824,14.475500106811523
14.477999687194824,14.475500106811523,14.425000190734863
14.475500106811523,14.425000190734863,14.493499755859377
14.425000190734863,14.493499755859377,14.574999809265137
14.493499755859377,14.574999809265137,14.552499771118164
14.574999809265137,14.552499771118164,14.263999938964844
14.552499771118164,14.263999938964844,14.149999618530272
14.263999938964844,14.149999618530272,14.298999786376951
14.149999618530272,14.298999786376951,14.243499755859377
14.298999786376951,14.243499755859377,14.569499969482422
14.243499755859377,14.569499969482422,14.761500358581545
14.569499969482422,14.761500358581545,14.850000381469728
14.761500358581545,14.850000381469728,14.944000244140623
14.850000381469728,14.944000244140623,14.998000144958496
14.944000244140623,14.998000144958496,15.050000190734863
14.998000144958496,15.050000190734863,15.093000411987305
15.050000190734863,15.093000411987305,15.100000381469728
15.093000411987305,15.100000381469728,15.01099967956543
15.100000381469728,15.01099967956543,15.050000190734863
15.01099967956543,15.050000190734863,15.232500076293944
15.050000190734863,15.232500076293944,15.63700008392334
15.232500076293944,15.63700008392334,15.72700023651123
15.63700008392334,15.72700023651123,16.028499603271484
15.72700023651123,16.028499603271484,15.795000076293944
16.028499603271484,15.795000076293944,15.904000282287598
15.795000076293944,15.904000282287598,15.83549976348877
15.904000282287598,15.83549976348877,15.968500137329102
15.83549976348877,15.968500137329102,15.86050033569336
15.968500137329102,15.86050033569336,15.76550006866455
15.86050033569336,15.76550006866455,16.049999237060547
15.76550006866455,16.049999237060547,16.08650016784668
16.049999237060547,16.08650016784668,16.145999908447266
16.08650016784668,16.145999908447266,15.960000038146973
16.145999908447266,15.960000038146973,15.767000198364258
15.960000038146973,15.767000198364258,15.577500343322754
15.767000198364258,15.577500343322754,15.175000190734863
15.577500343322754,15.175000190734863,15.335000038146973
15.175000190734863,15.335000038146973,15.546500205993652
15.335000038146973,15.546500205993652,15.582500457763672
15.546500205993652,15.582500457763672,15.53950023651123
15.582500457763672,15.53950023651123,15.539999961853027
15.53950023651123,15.539999961853027,15.550000190734863
15.539999961853027,15.550000190734863,16.594499588012695
15.550000190734863,16.594499588012695,16.5
16.594499588012695,16.5,16.855499267578125
16.5,16.855499267578125,16.586000442504883
16.855499267578125,16.586000442504883,16.63249969482422
16.586000442504883,16.63249969482422,18.420000076293945
16.63249969482422,18.420000076293945,18.137500762939453
18.420000076293945,18.137500762939453,18.144500732421875
18.137500762939453,18.144500732421875,18.25
18.144500732421875,18.25,18.299999237060547
18.25,18.299999237060547,18.28849983215332
18.299999237060547,18.28849983215332,18.049999237060547
18.28849983215332,18.049999237060547,18.008499145507812
18.049999237060547,18.008499145507812,18.14349937438965
18.008499145507812,18.14349937438965,17.895000457763672
18.14349937438965,17.895000457763672,17.552499771118164
17.895000457763672,17.552499771118164,17.76849937438965
17.552499771118164,17.76849937438965,17.77400016784668
17.76849937438965,17.77400016784668,17.81100082397461
17.77400016784668,17.81100082397461,18.44700050354004
17.81100082397461,18.44700050354004,18.645000457763672
18.44700050354004,18.645000457763672,18.67449951171875
18.645000457763672,18.67449951171875,18.43899917602539
18.67449951171875,18.43899917602539,18.37800025939941
18.43899917602539,18.37800025939941,18.46249961853028
18.37800025939941,18.46249961853028,18.725000381469727
18.46249961853028,18.725000381469727,18.88949966430664
18.725000381469727,18.88949966430664,19.125
18.88949966430664,19.125,19.350000381469727
19.125,19.350000381469727,19.70499992370605
19.350000381469727,19.70499992370605,19.950000762939453
19.70499992370605,19.950000762939453,19.54750061035156
19.950000762939453,19.54750061035156,19.48450088500977
19.54750061035156,19.48450088500977,19.332500457763672
19.48450088500977,19.332500457763672,19.417499542236328
19.332500457763672,19.417499542236328,19.410499572753903
19.417499542236328,19.410499572753903,19.452999114990234
19.410499572753903,19.452999114990234,19.448999404907227
19.452999114990234,19.448999404907227,19.25
19.448999404907227,19.25,19.47100067138672
19.25,19.47100067138672,19.584999084472656
19.47100067138672,19.584999084472656,19.56800079345703
19.584999084472656,19.56800079345703,19.815000534057617
19.56800079345703,19.815000534057617,19.864500045776367
19.815000534057617,19.864500045776367,20.23600006103516
19.864500045776367,20.23600006103516,20.25
20.23600006103516,20.25,20.18600082397461
20.25,20.18600082397461,20.22599983215332
20.18600082397461,20.22599983215332,20.28149986
20.22599983215332,20.28149986,19.996000289916992
20.28149986,19.996000289916992,19.941499710083008
19.996000289916992,19.941499710083008,19.968000411987305
19.941499710083008,19.968000411987305,20.13549995422364
19.968000411987305,20.13549995422364,19.850000381469727
20.13549995422364,19.850000381469727,19.92350006103516
19.850000381469727,19.92350006103516,20.14999961853028
19.92350006103516,20.14999961853028,20.34449958801269
20.14999961853028,20.34449958801269,20.18799973
20.34449958801269,20.18799973,19.98900032043457
20.18799973,19.98900032043457,19.93149948120117
19.98900032043457,19.93149948120117,19.965499877929688
19.93149948120117,19.965499877929688,19.964500427246094
19.965499877929688,19.964500427246094,20.17449951171875
19.964500427246094,20.17449951171875,20.38999938964844
20.17449951171875,20.38999938964844,20.402999877929688
20.38999938964844,20.402999877929688,20.308500289916992
20.402999877929688,20.308500289916992,20.01000022888184
20.308500289916992,20.01000022888184,19.70499992370605
20.01000022888184,19.70499992370605,19.73699951171875
19.70499992370605,19.73699951171875,19.64249992370605
19.73699951171875,19.64249992370605,20.3125
19.64249992370605,20.3125,18.772499084472656
20.3125,18.772499084472656,18.042499542236328
18.772499084472656,18.042499542236328,17.700000762939453
18.042499542236328,17.700000762939453,17.46850014
17.700000762939453,17.46850014,17.740999221801758
17.46850014,17.740999221801758,18.09000015258789
17.740999221801758,18.09000015258789,18.25
18.09000015258789,18.25,18.18050003051757
18.25,18.18050003051757,17.887500762939453
18.18050003051757,17.887500762939453,17.860000610351562
17.887500762939453,17.860000610351562,17.966999053955078
17.860000610351562,17.966999053955078,17.786500930786133
17.966999053955078,17.786500930786133,17.726999282836914
17.786500930786133,17.726999282836914,17.523000717163086
17.726999282836914,17.523000717163086,17.707000732421875
17.523000717163086,17.707000732421875,17.649999618530273
17.707000732421875,17.649999618530273,18.054000854492188
17.649999618530273,18.054000854492188,18.237499237060547
18.054000854492188,18.237499237060547,18.02949905395508
18.237499237060547,18.02949905395508,18.293500900268555
18.02949905395508,18.293500900268555,18.04800033569336
18.293500900268555,18.04800033569336,18.28400039672852
18.04800033569336,18.28400039672852,18.636499404907227
18.28400039672852,18.636499404907227,18.76650047302246
18.636499404907227,18.76650047302246,18.749500274658203
18.76650047302246,18.749500274658203,18.636499404907227
18.749500274658203,18.636499404907227,18.63999938964844
18.636499404907227,18.63999938964844,18.558000564575195
18.63999938964844,18.558000564575195,19.155500411987305
18.558000564575195,19.155500411987305,18.92849922180176
19.155500411987305,18.92849922180176,18.94249916
18.92849922180176,18.94249916,18.950000762939453
18.94249916,18.950000762939453,18.950000762939453
18.950000762939453,18.950000762939453,18.64999961853028
18.950000762939453,18.64999961853028,18.64200019836425
18.64999961853028,18.64200019836425,18.075000762939453
18.64200019836425,18.075000762939453,17.94849967956543
18.075000762939453,17.94849967956543,17.87999916
17.94849967956543,17.87999916,17.200000762939453
17.87999916,17.200000762939453,17.350000381469727
17.200000762939453,17.350000381469727,17.31450080871582
17.350000381469727,17.31450080871582,17.221500396728516
17.31450080871582,17.221500396728516,17.415000915527344
17.221500396728516,17.415000915527344,17.125
17.415000915527344,17.125,16.77199935913086
17.125,16.77199935913086,16.246999740600586
16.77199935913086,16.246999740600586,16.399999618530273
16.246999740600586,16.399999618530273,16.608999252319336
16.399999618530273,16.608999252319336,16.549999237060547
16.608999252319336,16.549999237060547,15.824999809265137
16.549999237060547,15.824999809265137,16.02400016784668
15.824999809265137,16.02400016784668,15.913999557495115
16.02400016784668,15.913999557495115,16.200000762939453
15.913999557495115,16.200000762939453,16.433000564575195
16.200000762939453,16.433000564575195,16.55750084
16.433000564575195,16.55750084,16.875
16.55750084,16.875,16.65649986
16.875,16.65649986,16.87000084
16.65649986,16.87000084,15.82450008392334
16.87000084,15.82450008392334,15.219499588012695
15.82450008392334,15.219499588012695,15.092000007629396
15.219499588012695,15.092000007629396,15.227999687194824
15.092000007629396,15.227999687194824,15.52400016784668
15.227999687194824,15.52400016784668,15.66450023651123
15.52400016784668,15.66450023651123,15.511500358581545
15.66450023651123,15.511500358581545,15.490500450134276
15.511500358581545,15.490500450134276,14.81999969482422
15.490500450134276,14.81999969482422,14.793999671936035
14.81999969482422,14.793999671936035,14.684000015258787
14.793999671936035,14.684000015258787,15.166999816894531
14.684000015258787,15.166999816894531,15.279999732971191
15.166999816894531,15.279999732971191,15.232000350952148
15.279999732971191,15.232000350952148,14.960000038146973
15.232000350952148,14.960000038146973,14.944000244140623
14.960000038146973,14.944000244140623,14.949999809265137
14.944000244140623,14.949999809265137,15.222999572753906
14.949999809265137,15.222999572753906,15.29800033569336
15.222999572753906,15.29800033569336,15.427000045776367
15.29800033569336,15.427000045776367,15.61750030517578
15.427000045776367,15.61750030517578,15.731499671936035
15.61750030517578,15.731499671936035,15.690999984741213
15.731499671936035,15.690999984741213,15.743499755859377
15.690999984741213,15.743499755859377,15.732500076293944
15.743499755859377,15.732500076293944,15.630000114440918
15.732500076293944,15.630000114440918,15.395999908447266
15.630000114440918,15.395999908447266,15.475000381469728
15.395999908447266,15.475000381469728,16.39699935913086
15.475000381469728,16.39699935913086,16.54400062561035
16.39699935913086,16.54400062561035,16.649999618530273
16.54400062561035,16.649999618530273,16.774999618530273
16.649999618530273,16.774999618530273,17.035999298095703
16.774999618530273,17.035999298095703,16.77750015258789
17.035999298095703,16.77750015258789,16.46500015258789
16.77750015258789,16.46500015258789,16.434499740600586
16.46500015258789,16.434499740600586,16.566999435424805
16.434499740600586,16.566999435424805,16.787500381469727
16.566999435424805,16.787500381469727,16.94499969482422
16.787500381469727,16.94499969482422,16.410999298095703
16.94499969482422,16.410999298095703,16.377500534057617
16.410999298095703,16.377500534057617,16.486499786376953
16.377500534057617,16.486499786376953,16.407499313354492
16.486499786376953,16.407499313354492,16.43250084
16.407499313354492,16.43250084,16.326000213623047
16.43250084,16.326000213623047,16.349000930786133
16.326000213623047,16.349000930786133,16.65999984741211
16.349000930786133,16.65999984741211,16.83799934387207
16.65999984741211,16.83799934387207,16.915000915527344
16.83799934387207,16.915000915527344,16.877500534057617
16.915000915527344,16.877500534057617,16.687000274658203
16.877500534057617,16.687000274658203,16.510000228881836
16.687000274658203,16.510000228881836,16.499000549316406
16.510000228881836,16.499000549316406,17.350000381469727
16.499000549316406,17.350000381469727,17.78849983215332
17.350000381469727,17.78849983215332,17.779499053955078
17.78849983215332,17.779499053955078,17.965999603271484
17.779499053955078,17.965999603271484,17.847999572753906
17.965999603271484,17.847999572753906,17.983999252319336
17.847999572753906,17.983999252319336,18.08550071716309
17.983999252319336,18.08550071716309,18.146499633789062
18.08550071716309,18.146499633789062,18.03149986
18.146499633789062,18.03149986,18.24250030517578
18.03149986,18.24250030517578,16.243499755859375
18.24250030517578,16.243499755859375,16.240999221801758
16.243499755859375,16.240999221801758,16.145000457763672
16.240999221801758,16.145000457763672,16.136499404907227
16.145000457763672,16.136499404907227,16.034000396728516
16.136499404907227,16.034000396728516,15.791500091552734
16.034000396728516,15.791500091552734,15.809000015258787
15.791500091552734,15.809000015258787,15.727499961853027
15.809000015258787,15.727499961853027,15.788999557495115
15.727499961853027,15.788999557495115,15.793999671936035
15.788999557495115,15.793999671936035,15.866000175476074
15.793999671936035,15.866000175476074,16.018999099731445
15.866000175476074,16.018999099731445,16.065500259399414
16.018999099731445,16.065500259399414,16.586000442504883
16.065500259399414,16.586000442504883,16.704500198364258
16.586000442504883,16.704500198364258,16.75
16.704500198364258,16.75,16.889999389648438
16.75,16.889999389648438,16.79050064086914
16.889999389648438,16.79050064086914,16.857999801635742
16.79050064086914,16.857999801635742,16.82900047302246
16.857999801635742,16.82900047302246,16.70400047302246
16.82900047302246,16.70400047302246,16.838499069213867
16.70400047302246,16.838499069213867,17.218000411987305
16.838499069213867,17.218000411987305,17.333499908447266
17.218000411987305,17.333499908447266,17.089500427246094
17.333499908447266,17.089500427246094,17.090999603271484
17.089500427246094,17.090999603271484,17.125
17.090999603271484,17.125,17.16349983215332
17.125,17.16349983215332,17.46899986
17.16349983215332,17.46899986,17.34149932861328
17.46899986,17.34149932861328,17.29050064086914
17.34149932861328,17.29050064086914,17.08799934387207
17.29050064086914,17.08799934387207,16.749000549316406
17.08799934387207,16.749000549316406,16.65049934387207
16.749000549316406,16.65049934387207,16.644500732421875
16.65049934387207,16.644500732421875,16.566499710083008
16.644500732421875,16.566499710083008,16.474000930786133
16.566499710083008,16.474000930786133,16.399999618530273
16.474000930786133,16.399999618530273,16.354999542236328
16.399999618530273,16.354999542236328,16.63800048828125
16.354999542236328,16.63800048828125,16.47450065612793
16.63800048828125,16.47450065612793,16.37999916
16.47450065612793,16.37999916,16.472000122070312
16.37999916,16.472000122070312,16.427000045776367
16.472000122070312,16.427000045776367,16.174999237060547
16.427000045776367,16.174999237060547,16.1875
16.174999237060547,16.1875,16.171499252319336
16.1875,16.171499252319336,16.10849952697754
16.171499252319336,16.10849952697754,15.92650032043457
16.10849952697754,15.92650032043457,16.257999420166016
15.92650032043457,16.257999420166016,16.206499099731445
16.257999420166016,16.206499099731445,16.100000381469727
16.206499099731445,16.100000381469727,16.20549964904785
16.100000381469727,16.20549964904785,16.113500595092773
16.20549964904785,16.113500595092773,15.888500213623049
16.113500595092773,15.888500213623049,15.65999984741211
15.888500213623049,15.65999984741211,15.612000465393066
15.65999984741211,15.612000465393066,15.395000457763672
15.612000465393066,15.395000457763672,15.340999603271484
15.395000457763672,15.340999603271484,15.460000038146973
15.340999603271484,15.460000038146973,15.326499938964844
15.460000038146973,15.326499938964844,15.781999588012695
15.326499938964844,15.781999588012695,15.949000358581545
15.781999588012695,15.949000358581545,15.84000015258789
15.949000358581545,15.84000015258789,14.690500259399414
15.84000015258789,14.690500259399414,14.520999908447266
14.690500259399414,14.520999908447266,14.899999618530272
14.520999908447266,14.899999618530272,14.98050022125244
14.899999618530272,14.98050022125244,14.987000465393066
14.98050022125244,14.987000465393066,15.28600025177002
14.987000465393066,15.28600025177002,15.400500297546388
15.28600025177002,15.400500297546388,15.212499618530272
15.400500297546388,15.212499618530272,15.199999809265137
15.212499618530272,15.199999809265137,14.850000381469728
15.199999809265137,14.850000381469728,14.999500274658203
14.850000381469728,14.999500274658203,15.289999961853027
14.999500274658203,15.289999961853027,15.619000434875488
15.289999961853027,15.619000434875488,15.628999710083008
15.619000434875488,15.628999710083008,15.89449977874756
15.628999710083008,15.89449977874756,16.643999099731445
15.89449977874756,16.643999099731445,16.399999618530273
16.643999099731445,16.399999618530273,16.47800064086914
16.399999618530273,16.47800064086914,16.420000076293945
16.47800064086914,16.420000076293945,16.633499145507812
16.420000076293945,16.633499145507812,16.916500091552734
16.633499145507812,16.916500091552734,16.86949920654297
16.916500091552734,16.86949920654297,16.816499710083008
16.86949920654297,16.816499710083008,16.732500076293945
16.816499710083008,16.732500076293945,17.062999725341797
16.732500076293945,17.062999725341797,17.031999588012695
17.062999725341797,17.031999588012695,16.396499633789062
17.031999588012695,16.396499633789062,16.338499069213867
16.396499633789062,16.338499069213867,15.929499626159668
16.338499069213867,15.929499626159668,15.846500396728516
15.929499626159668,15.846500396728516,15.82800006866455
15.846500396728516,15.82800006866455,15.682000160217283
15.82800006866455,15.682000160217283,15.659500122070312
15.682000160217283,15.659500122070312,15.631999969482422
15.659500122070312,15.631999969482422,15.531999588012695
15.631999969482422,15.531999588012695,15.54300022125244
15.531999588012695,15.54300022125244,15.224499702453612
15.54300022125244,15.224499702453612,14.98349952697754
15.224499702453612,14.98349952697754,15.225000381469728
14.98349952697754,15.225000381469728,15.07699966430664
15.225000381469728,15.07699966430664,15.368000030517578
15.07699966430664,15.368000030517578,15.374500274658203
15.368000030517578,15.374500274658203,15.350000381469728
15.374500274658203,15.350000381469728,15.538999557495115
15.350000381469728,15.538999557495115,15.713500022888184
15.538999557495115,15.713500022888184,15.696999549865724
15.713500022888184,15.696999549865724,15.64900016784668
15.696999549865724,15.64900016784668,15.737500190734863
15.64900016784668,15.737500190734863,15.418999671936035
15.737500190734863,15.418999671936035,15.149999618530272
15.418999671936035,15.149999618530272,15.064000129699709
15.149999618530272,15.064000129699709,15.156999588012695
15.064000129699709,15.156999588012695,15.143500328063965
15.156999588012695,15.143500328063965,14.92549991607666
15.143500328063965,14.92549991607666,15.074999809265137
14.92549991607666,15.074999809265137,14.795499801635742
15.074999809265137,14.795499801635742,14.800000190734863
14.795499801635742,14.800000190734863,14.53950023651123
14.800000190734863,14.53950023651123,14.66800022125244
14.53950023651123,14.66800022125244,15.300000190734863
14.66800022125244,15.300000190734863,15.612500190734863
15.300000190734863,15.612500190734863,15.846500396728516
15.612500190734863,15.846500396728516,15.649999618530272
15.846500396728516,15.649999618530272,15.51200008392334
15.649999618530272,15.51200008392334,15.575499534606934
15.51200008392334,15.575499534606934,15.640000343322754
15.575499534606934,15.640000343322754,17.975000381469727
15.640000343322754,17.975000381469727,18.25
17.975000381469727,18.25,18.391000747680664
18.25,18.391000747680664,18.375
18.391000747680664,18.375,18.940000534057617
18.375,18.940000534057617,18.79949951171875
18.940000534057617,18.79949951171875,18.72050094604492
18.79949951171875,18.72050094604492,18.71500015258789
18.72050094604492,18.71500015258789,18.854999542236328
18.71500015258789,18.854999542236328,18.925500869750977
18.854999542236328,18.925500869750977,19.14999961853028
18.925500869750977,19.14999961853028,18.999500274658203
19.14999961853028,18.999500274658203,18.83699989318848
18.999500274658203,18.83699989318848,19.09399986
18.83699989318848,19.09399986,19.184999465942383
19.09399986,19.184999465942383,19.22699928283692
19.184999465942383,19.22699928283692,19.02400016784668
19.22699928283692,19.02400016784668,19.39249992370605
19.02400016784668,19.39249992370605,19.46850014
19.39249992370605,19.46850014,19.29949951171875
19.46850014,19.29949951171875,19.295000076293945
19.29949951171875,19.295000076293945,19.30500030517578
19.295000076293945,19.30500030517578,19.395000457763672
19.30500030517578,19.395000457763672,19.42099952697754
19.395000457763672,19.42099952697754,19.350000381469727
19.42099952697754,19.350000381469727,18.96649932861328
19.350000381469727,18.96649932861328,18.888500213623047
18.96649932861328,18.888500213623047,18.667499542236328
18.888500213623047,18.667499542236328,18.77499961853028
18.667499542236328,18.77499961853028,18.699499130249023
18.77499961853028,18.699499130249023,18.69700050354004
18.699499130249023,18.69700050354004,18.725000381469727
18.69700050354004,18.725000381469727,18.79949951171875
18.725000381469727,18.79949951171875,18.855499267578125
18.79949951171875,18.855499267578125,18.96850014
18.855499267578125,18.96850014,19.088499069213867
18.96850014,19.088499069213867,18.761999130249023
19.088499069213867,18.761999130249023,19.02499961853028
18.761999130249023,19.02499961853028,18.56999969482422
19.02499961853028,18.56999969482422,18.65850067138672
18.56999969482422,18.65850067138672,18.80599975585937
18.65850067138672,18.80599975585937,18.88500022888184
18.80599975585937,18.88500022888184,18.65800094604492
18.88500022888184,18.65800094604492,18.66399955749512
18.65800094604492,18.66399955749512,19.01000022888184
18.66399955749512,19.01000022888184,18.965499877929688
19.01000022888184,18.965499877929688,19.07900047302246
18.965499877929688,19.07900047302246,19.22100067138672
19.07900047302246,19.22100067138672,19.356000900268555
19.22100067138672,19.356000900268555,19.263999938964844
19.356000900268555,19.263999938964844,19.390499114990234
19.263999938964844,19.390499114990234,19.28899955749512
19.390499114990234,19.28899955749512,19.372499465942383
19.28899955749512,19.372499465942383,19.17799949645996
19.372499465942383,19.17799949645996,19.597000122070312
19.17799949645996,19.597000122070312,19.729999542236328
19.597000122070312,19.729999542236328,19.714000701904297
19.729999542236328,19.714000701904297,19.59399986
19.714000701904297,19.59399986,22.63249969482422
19.59399986,22.63249969482422,22.34950065612793
22.63249969482422,22.34950065612793,21.950000762939453
22.34950065612793,21.950000762939453,21.71199989318848
21.950000762939453,21.71199989318848,21.58749961853028
21.71199989318848,21.58749961853028,21.28199958801269
21.58749961853028,21.28199958801269,21.488500595092773
21.28199958801269,21.488500595092773,21.37549973
21.488500595092773,21.37549973,21.13599967956543
21.37549973,21.13599967956543,21.424999237060547
21.13599967956543,21.424999237060547,21.76000022888184
21.424999237060547,21.76000022888184,21.950000762939453
21.76000022888184,21.950000762939453,21.662500381469727
21.950000762939453,21.662500381469727,21.67650032043457
21.662500381469727,21.67650032043457,21.64999961853028
21.67650032043457,21.64999961853028,21.520000457763672
21.64999961853028,21.520000457763672,21.363500595092773
21.520000457763672,21.363500595092773,21.41200065612793
21.363500595092773,21.41200065612793,21.354999542236328
21.41200065612793,21.354999542236328,21.84499931335449
21.354999542236328,21.84499931335449,21.621999740600582
21.84499931335449,21.621999740600582,21.350000381469727
21.621999740600582,21.350000381469727,21.592500686645508
21.350000381469727,21.592500686645508,21.56749916
21.592500686645508,21.56749916,21.625
21.56749916,21.625,21.65800094604492
21.625,21.65800094604492,21.661500930786133
21.65800094604492,21.661500930786133,21.91950035095215
21.661500930786133,21.91950035095215,21.83799934387207
21.91950035095215,21.83799934387207,21.540000915527344
21.83799934387207,21.540000915527344,21.34000015258789
21.540000915527344,21.34000015258789,21.374500274658203
21.34000015258789,21.374500274658203,21.61000061035156
21.374500274658203,21.61000061035156,21.944499969482425
21.61000061035156,21.944499969482425,21.61800003051757
21.944499969482425,21.61800003051757,21.40250015258789
21.61800003051757,21.40250015258789,21.398500442504883
21.40250015258789,21.398500442504883,21.56749916
21.398500442504883,21.56749916,21.98649978637696
21.56749916,21.98649978637696,22.249500274658203
21.98649978637696,22.249500274658203,21.96199989318848
22.249500274658203,21.96199989318848,22.35199928283692
21.96199989318848,22.35199928283692,22.32349967956543
22.35199928283692,22.32349967956543,22.17350006103516
22.32349967956543,22.17350006103516,22.17449951171875
22.17350006103516,22.17449951171875,21.850000381469727
22.17449951171875,21.850000381469727,21.778499603271484
21.850000381469727,21.778499603271484,22.0
21.778499603271484,22.0,21.90999984741211
22.0,21.90999984741211,21.98649978637696
21.90999984741211,21.98649978637696,21.886499404907227
21.98649978637696,21.886499404907227,21.79949951171875
21.886499404907227,21.79949951171875,21.93600082397461
21.79949951171875,21.93600082397461,22.23600006103516
21.93600082397461,22.23600006103516,22.89349937438965
22.23600006103516,22.89349937438965,23.479999542236328
22.89349937438965,23.479999542236328,23.23500061035156
23.479999542236328,23.23500061035156,23.79400062561035
23.23500061035156,23.79400062561035,24.270999908447266
23.79400062561035,24.270999908447266,24.65999984741211
24.270999908447266,24.65999984741211,24.444000244140625
24.65999984741211,24.444000244140625,24.625
24.444000244140625,24.625,24.58300018310547
24.625,24.58300018310547,29.028499603271484
24.58300018310547,29.028499603271484,27.247499465942383
29.028499603271484,27.247499465942383,26.819499969482425
27.247499465942383,26.819499969482425,26.648500442504883
26.819499969482425,26.648500442504883,26.959999084472656
26.648500442504883,26.959999084472656,27.14200019836425
26.959999084472656,27.14200019836425,27.02199935913086
27.14200019836425,27.02199935913086,26.84749984741211
27.02199935913086,26.84749984741211,26.957000732421875
26.84749984741211,26.957000732421875,27.136999130249023
26.957000732421875,27.136999130249023,26.472999572753903
27.136999130249023,26.472999572753903,26.61400032043457
26.472999572753903,26.61400032043457,26.448999404907227
26.61400032043457,26.448999404907227,26.375
26.448999404907227,26.375,26.732999801635746
26.375,26.732999801635746,26.70549964904785
26.732999801635746,26.70549964904785,26.937000274658203
26.70549964904785,26.937000274658203,26.97450065612793
26.937000274658203,26.97450065612793,26.862499237060547
26.97450065612793,26.862499237060547,26.662500381469727
26.862499237060547,26.662500381469727,25.616500854492188
26.662500381469727,25.616500854492188,23.82900047302246
25.616500854492188,23.82900047302246,24.472000122070312
23.82900047302246,24.472000122070312,25.18600082397461
24.472000122070312,25.18600082397461,26.13450050354004
25.18600082397461,26.13450050354004,26.075000762939453
26.13450050354004,26.075000762939453,25.97050094604492
26.075000762939453,25.97050094604492,25.5
25.97050094604492,25.5,25.542999267578125
25.5,25.542999267578125,25.79199981689453
25.542999267578125,25.79199981689453,25.14249992370605
25.79199981689453,25.14249992370605,25.917499542236328
25.14249992370605,25.917499542236328,26.497499465942383
25.917499542236328,26.497499465942383,26.30649948120117
26.497499465942383,26.30649948120117,26.472000122070312
26.30649948120117,26.472000122070312,26.622499465942383
26.472000122070312,26.622499465942383,26.395999908447266
26.622499465942383,26.395999908447266,26.415000915527344
26.395999908447266,26.415000915527344,27.348499298095703
26.415000915527344,27.348499298095703,27.312000274658203
27.348499298095703,27.312000274658203,27.48900032043457
27.312000274658203,27.48900032043457,27.177499771118164
27.48900032043457,27.177499771118164,27.06049919128418
27.177499771118164,27.06049919128418,26.72800064086914
27.06049919128418,26.72800064086914,27.13999938964844
26.72800064086914,27.13999938964844,26.013999938964844
27.13999938964844,26.013999938964844,25.573999404907227
26.013999938964844,25.573999404907227,25.63999938964844
25.573999404907227,25.63999938964844,26.040000915527344
25.63999938964844,26.040000915527344,26.62999916
26.040000915527344,26.62999916,27.295499801635746
26.62999916,27.295499801635746,27.575000762939453
27.295499801635746,27.575000762939453,27.100000381469727
27.575000762939453,27.100000381469727,26.96949958801269
27.100000381469727,26.96949958801269,27.089500427246094
26.96949958801269,27.089500427246094,27.541000366210938
27.089500427246094,27.541000366210938,27.65999984741211
27.541000366210938,27.65999984741211,27.612499237060547
27.65999984741211,27.612499237060547,28.14999961853028
27.612499237060547,28.14999961853028,28.54700088500977
28.14999961853028,28.54700088500977,28.950000762939453
28.54700088500977,28.950000762939453,28.64999961853028
28.950000762939453,28.64999961853028,28.262500762939453
28.64999961853028,28.262500762939453,28.457500457763672
28.262500762939453,28.457500457763672,30.97249984741211
28.457500457763672,30.97249984741211,30.49250030517578
30.97249984741211,30.49250030517578,30.73550033569336
30.49250030517578,30.73550033569336,30.86149978637696
30.73550033569336,30.86149978637696,31.37700080871582
30.86149978637696,31.37700080871582,31.535999298095703
31.37700080871582,31.535999298095703,31.43149948120117
31.535999298095703,31.43149948120117,31.49449920654297
31.43149948120117,31.49449920654297,32.29650115966797
31.49449920654297,32.29650115966797,32.849998474121094
32.29650115966797,32.849998474121094,33.112998962402344
32.849998474121094,33.112998962402344,33.097999572753906
33.112998962402344,33.097999572753906,33.0
33.097999572753906,33.0,33.79800033569336
33.0,33.79800033569336,33.78200149536133
33.79800033569336,33.78200149536133,33.349998474121094
33.78200149536133,33.349998474121094,32.49950027
33.349998474121094,32.49950027,32.662498474121094
32.49950027,32.662498474121094,33.24399948120117
32.662498474121094,33.24399948120117,33.643001556396484
33.24399948120117,33.643001556396484,33.44350051879883
33.643001556396484,33.44350051879883,34.13850021362305
33.44350051879883,34.13850021362305,33.790000915527344
34.13850021362305,33.790000915527344,33.98500061035156
33.790000915527344,33.98500061035156,34.04949951171875
33.98500061035156,34.04949951171875,34.06449890136719
34.04949951171875,34.06449890136719,34.04999923706055
34.06449890136719,34.04999923706055,34.24100112915039
34.04999923706055,34.24100112915039,34.13949966430664
34.24100112915039,34.13949966430664,33.73899841308594
34.13949966430664,33.73899841308594,33.77299880981445
33.73899841308594,33.77299880981445,33.99950027
33.77299880981445,33.99950027,33.95000076293945
33.99950027,33.95000076293945,33.42649841308594
33.95000076293945,33.42649841308594,32.89400100708008
33.42649841308594,32.89400100708008,32.929500579833984
32.89400100708008,32.929500579833984,33.57500076293945
32.929500579833984,33.57500076293945,33.86750030517578
33.57500076293945,33.86750030517578,34.125
33.86750030517578,34.125,33.84199905395508
34.125,33.84199905395508,33.494998931884766
33.84199905395508,33.494998931884766,33.42449951171875
33.494998931884766,33.42449951171875,33.33000183105469
33.42449951171875,33.33000183105469,33.23400115966797
33.33000183105469,33.23400115966797,33.775001525878906
33.23400115966797,33.775001525878906,34.821998596191406
33.775001525878906,34.821998596191406,34.77450180053711
34.821998596191406,34.77450180053711,34.38750076293945
34.77450180053711,34.38750076293945,32.88600158691406
34.38750076293945,32.88600158691406,32.34550094604492
32.88600158691406,32.34550094604492,31.989500045776367
32.34550094604492,31.989500045776367,31.5
31.989500045776367,31.5,31.207000732421875
31.5,31.207000732421875,30.99250030517578
31.207000732421875,30.99250030517578,31.29949951171875
30.99250030517578,31.29949951171875,31.04400062561035
31.29949951171875,31.04400062561035,30.112499237060547
31.04400062561035,30.112499237060547,29.231000900268555
30.112499237060547,29.231000900268555,29.200000762939453
29.231000900268555,29.200000762939453,28.92250061035156
29.200000762939453,28.92250061035156,29.44050025939941
28.92250061035156,29.44050025939941,30.00499916
29.44050025939941,30.00499916,30.424999237060547
30.00499916,30.424999237060547,30.225000381469727
30.424999237060547,30.225000381469727,30.16950035095215
30.225000381469727,30.16950035095215,31.902999877929688
30.16950035095215,31.902999877929688,29.64999961853028
31.902999877929688,29.64999961853028,29.09000015258789
29.64999961853028,29.09000015258789,28.577999114990234
29.09000015258789,28.577999114990234,27.799999237060547
28.577999114990234,27.799999237060547,26.949499130249023
27.799999237060547,26.949499130249023,26.47249984741211
26.949499130249023,26.47249984741211,24.674999237060547
26.47249984741211,24.674999237060547,24.91900062561035
24.674999237060547,24.91900062561035,25.232999801635746
24.91900062561035,25.232999801635746,25.46500015258789
25.232999801635746,25.46500015258789,25.83749961853028
25.46500015258789,25.83749961853028,26.22249984741211
25.83749961853028,26.22249984741211,26.874000549316406
26.22249984741211,26.874000549316406,27.059999465942383
26.874000549316406,27.059999465942383,26.79750061035156
27.059999465942383,26.79750061035156,28.03249931335449
26.79750061035156,28.03249931335449,27.84550094604492
28.03249931335449,27.84550094604492,27.713499069213867
27.84550094604492,27.713499069213867,27.96949958801269
27.713499069213867,27.96949958801269,28.125
27.96949958801269,28.125,28.24049949645996
28.125,28.24049949645996,28.96249961853028
28.24049949645996,28.96249961853028,29.25
28.96249961853028,29.25,28.99349975585937
29.25,28.99349975585937,29.06999969482422
28.99349975585937,29.06999969482422,28.68149948120117
29.06999969482422,28.68149948120117,28.56749916
28.68149948120117,28.56749916,28.01749992370605
28.56749916,28.01749992370605,28.350000381469727
28.01749992370605,28.350000381469727,28.50300025939941
28.350000381469727,28.50300025939941,28.84449958801269
28.50300025939941,28.84449958801269,29.076000213623047
28.84449958801269,29.076000213623047,29.06599998474121
29.076000213623047,29.06599998474121,28.56999969482422
29.06599998474121,28.56999969482422,28.116500854492188
28.56999969482422,28.116500854492188,27.761999130249023
28.116500854492188,27.761999130249023,28.13800048828125
27.761999130249023,28.13800048828125,28.624000549316406
28.13800048828125,28.624000549316406,29.177499771118164
28.624000549316406,29.177499771118164,29.237499237060547
29.177499771118164,29.237499237060547,29.792499542236328
29.237499237060547,29.792499542236328,30.16200065612793
29.792499542236328,30.16200065612793,30.037500381469727
30.16200065612793,30.037500381469727,29.951499938964844
30.037500381469727,29.951499938964844,29.975000381469727
29.951499938964844,29.975000381469727,29.67350006103516
29.975000381469727,29.67350006103516,30.11949920654297
29.67350006103516,30.11949920654297,29.979999542236328
30.11949920654297,29.979999542236328,29.89299964904785
29.979999542236328,29.89299964904785,30.200000762939453
29.89299964904785,30.200000762939453,30.202999114990234
30.200000762939453,30.202999114990234,30.840499877929688
30.202999114990234,30.840499877929688,31.21899986
30.840499877929688,31.21899986,31.338499069213867
31.21899986,31.338499069213867,31.881999969482425
31.338499069213867,31.881999969482425,31.90049934387207
31.881999969482425,31.90049934387207,31.82749938964844
31.90049934387207,31.82749938964844,31.891000747680664
31.82749938964844,31.891000747680664,31.412500381469727
31.891000747680664,31.412500381469727,31.349000930786133
31.412500381469727,31.349000930786133,31.33749961853028
31.349000930786133,31.33749961853028,30.79750061035156
31.33749961853028,30.79750061035156,31.34000015258789
30.79750061035156,31.34000015258789,33.499000549316406
31.34000015258789,33.499000549316406,34.275001525878906
33.499000549316406,34.275001525878906,34.01499938964844
34.275001525878906,34.01499938964844,33.70000076293945
34.01499938964844,33.70000076293945,33.824501037597656
33.70000076293945,33.824501037597656,33.84749984741211
33.824501037597656,33.84749984741211,34.34899902
33.84749984741211,34.34899902,35.227500915527344
34.34899902,35.227500915527344,35.95000076293945
35.227500915527344,35.95000076293945,36.122501373291016
35.95000076293945,36.122501373291016,35.962501525878906
36.122501373291016,35.962501525878906,35.662498474121094
35.962501525878906,35.662498474121094,35.7234993
35.662498474121094,35.7234993,35.12699890136719
35.7234993,35.12699890136719,34.970001220703125
35.12699890136719,34.970001220703125,35.36199951171875
34.970001220703125,35.36199951171875,35.29999923706055
35.36199951171875,35.29999923706055,35.375
35.29999923706055,35.375,35.542999267578125
35.375,35.542999267578125,35.75
35.542999267578125,35.75,35.83000183105469
35.75,35.83000183105469,36.21149826049805
35.83000183105469,36.21149826049805,36.32149887084961
36.21149826049805,36.32149887084961,36.41400146484375
36.32149887084961,36.41400146484375,36.34999847412109
36.41400146484375,36.34999847412109,36.57500076293945
36.34999847412109,36.57500076293945,36.5
36.57500076293945,36.5,36.47100067138672
36.5,36.47100067138672,36.445499420166016
36.47100067138672,36.445499420166016,36.249000549316406
36.445499420166016,36.249000549316406,36.09949875
36.249000549316406,36.09949875,36.04050064086914
36.09949875,36.04050064086914,36.12799835205078
36.04050064086914,36.12799835205078,35.900001525878906
36.12799835205078,35.900001525878906,35.90999984741211
35.900001525878906,35.90999984741211,36.06549835205078
35.90999984741211,36.06549835205078,35.91999816894531
36.06549835205078,35.91999816894531,35.849998474121094
35.91999816894531,35.849998474121094,36.10599899291992
35.849998474121094,36.10599899291992,35.62649917602539
36.10599899291992,35.62649917602539,34.840999603271484
35.62649917602539,34.840999603271484,35.400001525878906
34.840999603271484,35.400001525878906,35.974998474121094
35.400001525878906,35.974998474121094,35.96849822998047
35.974998474121094,35.96849822998047,36.400001525878906
35.96849822998047,36.400001525878906,36.47800064086914
36.400001525878906,36.47800064086914,36.88850021362305
36.47800064086914,36.88850021362305,36.977500915527344
36.88850021362305,36.977500915527344,37.30500030517578
36.977500915527344,37.30500030517578,37.79499816894531
37.30500030517578,37.79499816894531,37.867000579833984
37.79499816894531,37.867000579833984,37.84349822998047
37.867000579833984,37.84349822998047,37.45199966430664
37.84349822998047,37.45199966430664,37.32749938964844
37.45199966430664,37.32749938964844,37.08000183105469
37.32749938964844,37.08000183105469,37.166500091552734
37.08000183105469,37.166500091552734,37.3125
37.166500091552734,37.3125,37.46799850463867
37.3125,37.46799850463867,37.56399917602539
37.46799850463867,37.56399917602539,37.42499923706055
37.56399917602539,37.42499923706055,37.15650177001953
37.42499923706055,37.15650177001953,37.047000885009766
37.15650177001953,37.047000885009766,37.667999267578125
37.047000885009766,37.667999267578125,38.29999923706055
37.667999267578125,38.29999923706055,38.525001525878906
38.29999923706055,38.525001525878906,38.25049973
38.525001525878906,38.25049973,37.94449996948242
38.25049973,37.94449996948242,38.25
37.94449996948242,38.25,38.42350006103516
38.25,38.42350006103516,38.34999847412109
38.42350006103516,38.34999847412109,38.630001068115234
38.34999847412109,38.630001068115234,38.60499954223633
38.630001068115234,38.60499954223633,38.6875
38.60499954223633,38.6875,38.657501220703125
38.6875,38.657501220703125,38.60200119018555
38.657501220703125,38.60200119018555,38.436500549316406
38.60200119018555,38.436500549316406,38.26100158691406
38.436500549316406,38.26100158691406,38.25849914550781
38.26100158691406,38.25849914550781,38.12450027
38.25849914550781,38.12450027,37.99250030517578
38.12450027,37.99250030517578,38.23500061035156
37.99250030517578,38.23500061035156,38.170501708984375
38.23500061035156,38.170501708984375,38.02799987792969
38.170501708984375,38.02799987792969,38.5
38.02799987792969,38.5,38.749000549316406
38.5,38.749000549316406,38.59199905395508
38.749000549316406,38.59199905395508,38.48199844360352
38.59199905395508,38.48199844360352,38.60200119018555
38.48199844360352,38.60200119018555,38.79999923706055
38.60200119018555,38.79999923706055,39.47399902
38.79999923706055,39.47399902,39.53950119018555
39.47399902,39.53950119018555,39.32500076293945
39.53950119018555,39.32500076293945,39.04999923706055
39.32500076293945,39.04999923706055,38.632999420166016
39.04999923706055,38.632999420166016,38.49449920654297
38.632999420166016,38.49449920654297,38.375
38.49449920654297,38.375,38.54349899291992
38.375,38.54349899291992,39.02299880981445
38.54349899291992,39.02299880981445,39.09700012207031
39.02299880981445,39.09700012207031,39.06850051879883
39.09700012207031,39.06850051879883,39.53450012207031
39.06850051879883,39.53450012207031,40.29449844360352
39.53450012207031,40.29449844360352,40.38750076293945
40.29449844360352,40.38750076293945,40.29650115966797
40.38750076293945,40.29650115966797,40.83200073242188
40.29650115966797,40.83200073242188,41.50699996948242
40.83200073242188,41.50699996948242,41.875
41.50699996948242,41.875,41.997501373291016
41.875,41.997501373291016,41.99300003051758
41.997501373291016,41.99300003051758,42.118499755859375
41.99300003051758,42.118499755859375,42.28350067138672
42.118499755859375,42.28350067138672,42.36050033569336
42.28350067138672,42.36050033569336,42.29750061035156
42.36050033569336,42.29750061035156,42.25999832
42.29750061035156,42.25999832,42.06449890136719
42.25999832,42.06449890136719,41.88349914550781
42.06449890136719,41.88349914550781,41.59000015258789
41.88349914550781,41.59000015258789,41.78699875
41.59000015258789,41.78699875,41.09999847412109
41.78699875,41.09999847412109,41.16299819946289
41.09999847412109,41.16299819946289,41.03350067138672
41.16299819946289,41.03350067138672,40.78549957275391
41.03350067138672,40.78549957275391,40.97100067138672
40.78549957275391,40.97100067138672,41.915000915527344
40.97100067138672,41.915000915527344,42.15449905395508
41.915000915527344,42.15449905395508,41.672000885009766
42.15449905395508,41.672000885009766,41.58599853515625
41.672000885009766,41.58599853515625,39.47449875
41.58599853515625,39.47449875,39.685001373291016
39.47449875,39.685001373291016,40.04199981689453
39.685001373291016,40.04199981689453,39.23749923706055
40.04199981689453,39.23749923706055,38.84999847412109
39.23749923706055,38.84999847412109,38.29999923706055
38.84999847412109,38.29999923706055,39.38650131225586
38.29999923706055,39.38650131225586,39.58700180053711
39.38650131225586,39.58700180053711,38.875
39.58700180053711,38.875,38.94150161743164
38.875,38.94150161743164,37.16299819946289
38.94150161743164,37.16299819946289,37.29999923706055
37.16299819946289,37.29999923706055,37.3390007
37.29999923706055,37.3390007,37.493499755859375
37.3390007,37.493499755859375,37.875
37.493499755859375,37.875,38.387001037597656
37.875,38.387001037597656,39.01750183105469
38.387001037597656,39.01750183105469,39.619998931884766
39.01750183105469,39.619998931884766,39.087501525878906
39.619998931884766,39.087501525878906,39.337501525878906
39.087501525878906,39.337501525878906,38.84999847412109
39.337501525878906,38.84999847412109,38.49449920654297
38.84999847412109,38.49449920654297,38.40449905395508
38.49449920654297,38.40449905395508,37.66849899291992
38.40449905395508,37.66849899291992,37.42449951171875
37.66849899291992,37.42449951171875,38.074501037597656
37.42449951171875,38.074501037597656,38.41199875
38.074501037597656,38.41199875,38.52099990844727
38.41199875,38.52099990844727,38.68949890136719
38.52099990844727,38.68949890136719,38.51250076293945
38.68949890136719,38.51250076293945,38.34450149536133
38.51250076293945,38.34450149536133,39.12300109863281
38.34450149536133,39.12300109863281,39.042999267578125
39.12300109863281,39.042999267578125,38.45500183105469
39.042999267578125,38.45500183105469,38.25650024414063
38.45500183105469,38.25650024414063,38.525001525878906
38.25650024414063,38.525001525878906,38.71950149536133
38.525001525878906,38.71950149536133,38.56100082397461
38.71950149536133,38.56100082397461,38.56050109863281
38.56100082397461,38.56050109863281,38.32500076293945
38.56050109863281,38.32500076293945,38.73249816894531
38.32500076293945,38.73249816894531,39.0
38.73249816894531,39.0,38.66999816894531
39.0,38.66999816894531,38.369998931884766
38.66999816894531,38.369998931884766,37.93799973
38.369998931884766,37.93799973,37.98400115966797
37.93799973,37.98400115966797,39.119998931884766
37.98400115966797,39.119998931884766,39.97200012207031
39.119998931884766,39.97200012207031,40.08850098
39.97200012207031,40.08850098,39.900001525878906
40.08850098,39.900001525878906,39.97499847412109
39.900001525878906,39.97499847412109,40.70650100708008
39.97499847412109,40.70650100708008,41.08250045776367
40.70650100708008,41.08250045776367,40.79999923706055
41.08250045776367,40.79999923706055,40.58649826049805
40.79999923706055,40.58649826049805,40.67549896240234
40.58649826049805,40.67549896240234,40.80099868774414
40.67549896240234,40.80099868774414,40.92499923706055
40.80099868774414,40.92499923706055,41.199501037597656
40.92499923706055,41.199501037597656,41.87099838256836
41.199501037597656,41.87099838256836,42.19200134277344
41.87099838256836,42.19200134277344,41.98500061035156
42.19200134277344,41.98500061035156,41.67499923706055
41.98500061035156,41.67499923706055,41.34949875
41.67499923706055,41.34949875,41.68899917602539
41.34949875,41.68899917602539,42.12450027
41.68899917602539,42.12450027,40.915000915527344
42.12450027,40.915000915527344,40.5359993
40.915000915527344,40.5359993,40.80799865722656
40.5359993,40.80799865722656,41.07400131225586
40.80799865722656,41.07400131225586,41.25
41.07400131225586,41.25,41.400001525878906
41.25,41.400001525878906,42.150001525878906
41.400001525878906,42.150001525878906,41.91550064086914
42.150001525878906,41.91550064086914,42.14049911499024
41.91550064086914,42.14049911499024,42.25
42.14049911499024,42.25,42.36349868774414
42.25,42.36349868774414,42.89899826049805
42.36349868774414,42.89899826049805,42.92150115966797
42.89899826049805,42.92150115966797,43.042999267578125
42.92150115966797,43.042999267578125,42.29050064086914
43.042999267578125,42.29050064086914,42.625
42.29050064086914,42.625,42.704498291015625
42.625,42.704498291015625,42.74150085449219
42.704498291015625,42.74150085449219,42.74100112915039
42.74150085449219,42.74100112915039,42.59949875
42.74100112915039,42.59949875,42.42449951171875
42.59949875,42.42449951171875,42.42300033569336
42.42449951171875,42.42300033569336,42.65349960327149
42.42300033569336,42.65349960327149,42.81999969482422
42.65349960327149,42.81999969482422,42.86750030517578
42.81999969482422,42.86750030517578,42.78450012207031
42.86750030517578,42.78450012207031,42.6875
42.78450012207031,42.6875,42.72249984741211
42.6875,42.72249984741211,42.775001525878906
42.72249984741211,42.775001525878906,42.69150161743164
42.775001525878906,42.69150161743164,42.88999938964844
42.69150161743164,42.88999938964844,43.13999938964844
42.88999938964844,43.13999938964844,42.46849822998047
43.13999938964844,42.46849822998047,42.54449844360352
42.46849822998047,42.54449844360352,42.59000015258789
42.54449844360352,42.59000015258789,42.51499938964844
42.59000015258789,42.51499938964844,42.92300033569336
42.51499938964844,42.92300033569336,43.821998596191406
42.92300033569336,43.821998596191406,43.85300064086914
43.821998596191406,43.85300064086914,44.51750183105469
43.85300064086914,44.51750183105469,44.67449951171875
44.51750183105469,44.67449951171875,45.42699813842773
44.67449951171875,45.42699813842773,46.18600082397461
45.42699813842773,46.18600082397461,45.859500885009766
46.18600082397461,45.859500885009766,45.00450134277344
45.859500885009766,45.00450134277344,45.42549896240234
45.00450134277344,45.42549896240234,45.56200027
45.42549896240234,45.56200027,45.204498291015625
45.56200027,45.204498291015625,44.74850082397461
45.204498291015625,44.74850082397461,45.11899948120117
44.74850082397461,45.11899948120117,45.480499267578125
45.11899948120117,45.480499267578125,45.525001525878906
45.480499267578125,45.525001525878906,45.26599884033203
45.525001525878906,45.26599884033203,45.182498931884766
45.26599884033203,45.182498931884766,45.49950027
45.182498931884766,45.49950027,45.47399902
45.49950027,45.47399902,45.78749847412109
45.47399902,45.78749847412109,46.09299850463867
45.78749847412109,46.09299850463867,47.47949981689453
46.09299850463867,47.47949981689453,47.720001220703125
47.47949981689453,47.720001220703125,47.505001068115234
47.720001220703125,47.505001068115234,47.29999923706055
47.505001068115234,47.29999923706055,47.25
47.29999923706055,47.25,47.03950119018555
47.25,47.03950119018555,47.45249938964844
47.03950119018555,47.45249938964844,47.89450073242188
47.45249938964844,47.89450073242188,47.6875
47.89450073242188,47.6875,47.51449966430664
47.6875,47.51449966430664,48.13949966430664
47.51449966430664,48.13949966430664,48.157501220703125
48.13949966430664,48.157501220703125,48.50299835205078
48.157501220703125,48.50299835205078,48.02000045776367
48.50299835205078,48.02000045776367,48.13750076293945
48.02000045776367,48.13750076293945,48.44599914550781
48.13750076293945,48.44599914550781,48.56900024414063
48.44599914550781,48.56900024414063,48.75999832
48.56900024414063,48.75999832,49.04999923706055
48.75999832,49.04999923706055,49.95000076293945
49.04999923706055,49.95000076293945,49.932498931884766
49.95000076293945,49.932498931884766,50.060001373291016
49.932498931884766,50.060001373291016,50.00600051879883
50.060001373291016,50.00600051879883,49.949501037597656
50.00600051879883,49.949501037597656,50.42399978637695
49.949501037597656,50.42399978637695,50.66049957275391
50.42399978637695,50.66049957275391,50.82500076293945
50.66049957275391,50.82500076293945,50.51250076293945
50.82500076293945,50.51250076293945,50.68050003051758
50.51250076293945,50.68050003051758,50.64950180053711
50.68050003051758,50.64950180053711,48.79750061035156
50.64950180053711,48.79750061035156,49.22499847412109
48.79750061035156,49.22499847412109,49.516998291015625
49.22499847412109,49.516998291015625,48.28649902
49.516998291015625,48.28649902,49.98749923706055
48.28649902,49.98749923706055,50.84999847412109
49.98749923706055,50.84999847412109,50.24399948120117
50.84999847412109,50.24399948120117,50.13600158691406
50.24399948120117,50.13600158691406,50.34799957275391
50.13600158691406,50.34799957275391,50.23099899291992
50.34799957275391,50.23099899291992,50.49000168
50.23099899291992,50.49000168,49.93999862670898
50.49000168,49.93999862670898,49.53400039672852
49.93999862670898,49.53400039672852,49.37799835205078
49.53400039672852,49.37799835205078,49.17350006103516
49.37799835205078,49.17350006103516,48.72449875
49.17350006103516,48.72449875,48.75
48.72449875,48.75,48.720001220703125
48.75,48.720001220703125,49.00550079345703
48.720001220703125,49.00550079345703,49.97200012207031
49.00550079345703,49.97200012207031,49.79949951171875
49.97200012207031,49.79949951171875,50.42750168
49.79949951171875,50.42750168,50.34400177001953
50.42750168,50.34400177001953,50.22249984741211
50.34400177001953,50.22249984741211,50.73749923706055
50.22249984741211,50.73749923706055,51.30149841308594
50.73749923706055,51.30149841308594,51.579498291015625
51.30149841308594,51.579498291015625,51.74850082397461
51.579498291015625,51.74850082397461,51.30500030517578
51.74850082397461,51.30500030517578,52.15050125
51.30500030517578,52.15050125,52.166500091552734
52.15050125,52.166500091552734,52.65999984741211
52.166500091552734,52.65999984741211,54.16550064086914
52.65999984741211,54.16550064086914,51.64250183105469
54.16550064086914,51.64250183105469,50.95249938964844
51.64250183105469,50.95249938964844,50.31999969482422
50.95249938964844,50.31999969482422,50.16049957275391
50.31999969482422,50.16049957275391,49.97499847412109
50.16049957275391,49.97499847412109,49.58349990844727
49.97499847412109,49.58349990844727,49.75
49.58349990844727,49.75,49.81399917602539
49.75,49.81399917602539,49.400001525878906
49.81399917602539,49.400001525878906,48.99300003051758
49.400001525878906,48.99300003051758,48.51950073242188
48.99300003051758,48.51950073242188,49.275001525878906
48.51950073242188,49.275001525878906,49.58700180053711
49.275001525878906,49.58700180053711,49.323001861572266
49.58700180053711,49.323001861572266,48.891998291015625
49.323001861572266,48.891998291015625,48.27149963378906
48.891998291015625,48.27149963378906,48.060001373291016
48.27149963378906,48.060001373291016,48.39649963378906
48.060001373291016,48.39649963378906,48.09999847412109
48.39649963378906,48.09999847412109,47.95000076293945
48.09999847412109,47.95000076293945,47.88100051879883
47.95000076293945,47.88100051879883,47.650001525878906
47.88100051879883,47.650001525878906,47.79999923706055
47.650001525878906,47.79999923706055,48.47050094604492
47.79999923706055,48.47050094604492,49.04999923706055
48.47050094604492,49.04999923706055,49.22499847412109
49.04999923706055,49.22499847412109,48.83850098
49.22499847412109,48.83850098,48.59199905395508
48.83850098,48.59199905395508,49.02949905395508
48.59199905395508,49.02949905395508,48.99399948120117
49.02949905395508,48.99399948120117,49.09700012207031
48.99399948120117,49.09700012207031,49.23350143432617
49.09700012207031,49.23350143432617,50.0
49.23350143432617,50.0,49.928001403808594
50.0,49.928001403808594,49.8125
49.928001403808594,49.8125,49.63949966430664
49.8125,49.63949966430664,48.91199875
49.63949966430664,48.91199875,48.740501403808594
48.91199875,48.740501403808594,48.584999084472656
48.740501403808594,48.584999084472656,48.28049850463867
48.584999084472656,48.28049850463867,47.47100067138672
48.28049850463867,47.47100067138672,47.43149948120117
47.47100067138672,47.43149948120117,47.76499938964844
47.43149948120117,47.76499938964844,47.98500061035156
47.76499938964844,47.98500061035156,48.24150085449219
47.98500061035156,48.24150085449219,48.365501403808594
48.24150085449219,48.365501403808594,48.18450164794922
48.365501403808594,48.18450164794922,48.38949966430664
48.18450164794922,48.38949966430664,49.07550048828125
48.38949966430664,49.07550048828125,49.78749847412109
49.07550048828125,49.78749847412109,49.92499923706055
49.78749847412109,49.92499923706055,49.897499084472656
49.92499923706055,49.897499084472656,49.775001525878906
49.897499084472656,49.775001525878906,50.422000885009766
49.775001525878906,50.422000885009766,50.38850021362305
50.422000885009766,50.38850021362305,50.47850036621094
50.38850021362305,50.47850036621094,50.57350158691406
50.47850036621094,50.57350158691406,51.115501403808594
50.57350158691406,51.115501403808594,49.55250168
51.115501403808594,49.55250168,49.73099899291992
49.55250168,49.73099899291992,49.3390007
49.73099899291992,49.3390007,48.99250030517578
49.3390007,48.99250030517578,49.22200012207031
48.99250030517578,49.22200012207031,49.14500045776367
49.22200012207031,49.14500045776367,55.27899932861328
49.14500045776367,55.27899932861328,56.13949966430664
55.27899932861328,56.13949966430664,55.527000427246094
56.13949966430664,55.527000427246094,55.44850158691406
55.527000427246094,55.44850158691406,55.09700012207031
55.44850158691406,55.09700012207031,55.63399887084961
55.09700012207031,55.63399887084961,56.27050018310547
55.63399887084961,56.27050018310547,56.52999877929688
56.27050018310547,56.52999877929688,56.777000427246094
56.52999877929688,56.777000427246094,56.48099899291992
56.777000427246094,56.48099899291992,56.587501525878906
56.48099899291992,56.587501525878906,56.994998931884766
56.587501525878906,56.994998931884766,56.900001525878906
56.994998931884766,56.900001525878906,56.587501525878906
56.900001525878906,56.587501525878906,56.90800094604492
56.587501525878906,56.90800094604492,56.93999862670898
56.90800094604492,56.93999862670898,56.67100143432617
56.93999862670898,56.67100143432617,57.0
56.67100143432617,57.0,58.01350021362305
57.0,58.01350021362305,59.34199905395508
58.01350021362305,59.34199905395508,60.670501708984375
59.34199905395508,60.670501708984375,60.266998291015625
60.670501708984375,60.266998291015625,59.74000168
60.266998291015625,59.74000168,58.92850112915039
59.74000168,58.92850112915039,58.98249816894531
58.92850112915039,58.98249816894531,58.75999832
58.98249816894531,58.75999832,57.96350098
58.75999832,57.96350098,57.79449844360352
57.96350098,57.79449844360352,58.15950012207031
57.79449844360352,58.15950012207031,58.63949966430664
58.15950012207031,58.63949966430664,58.494998931884766
58.63949966430664,58.494998931884766,58.68000030517578
58.494998931884766,58.68000030517578,58.54349899291992
58.68000030517578,58.54349899291992,58.89649963378906
58.54349899291992,58.89649963378906,59.13750076293945
58.89649963378906,59.13750076293945,59.73899841308594
59.13750076293945,59.73899841308594,59.64849853515625
59.73899841308594,59.64849853515625,59.54999923706055
59.64849853515625,59.54999923706055,58.95849990844727
59.54999923706055,58.95849990844727,58.73099899291992
58.95849990844727,58.73099899291992,58.91600036621094
58.73099899291992,58.91600036621094,59.36449813842773
58.91600036621094,59.36449813842773,59.505001068115234
59.36449813842773,59.505001068115234,59.20000076293945
59.505001068115234,59.20000076293945,59.5
59.20000076293945,59.5,60.27450180053711
59.5,60.27450180053711,60.79349899291992
60.27450180053711,60.79349899291992,61.45700073242188
60.79349899291992,61.45700073242188,62.65399932861328
61.45700073242188,62.65399932861328,62.96649932861328
62.65399932861328,62.96649932861328,62.71649932861328
62.96649932861328,62.71649932861328,63.83850098
62.71649932861328,63.83850098,65.28800201416016
63.83850098,65.28800201416016,66.99700164794922
65.28800201416016,66.99700164794922,65.69999694824219
66.99700164794922,65.69999694824219,65.23000336
65.69999694824219,65.23000336,65.65000153
65.23000336,65.65000153,66.37249755859375
65.65000153,66.37249755859375,68.24500274658203
66.37249755859375,68.24500274658203,69.40799713134766
68.24500274658203,69.40799713134766,68.91699981689453
69.40799713134766,68.91699981689453,70.12650299072266
68.91699981689453,70.12650299072266,71.56950378417969
70.12650299072266,71.56950378417969,71.96250153
71.56950378417969,71.96250153,73.62899780273438
71.96250153,73.62899780273438,72.99400329589844
73.62899780273438,72.99400329589844,74.90000153
72.99400329589844,74.90000153,72.9489975
74.90000153,72.9489975,72.19950103759766
72.9489975,72.19950103759766,73.04949951171875
72.19950103759766,73.04949951171875,71.6875
73.04949951171875,71.6875,69.17500305175781
71.6875,69.17500305175781,69.69049835205078
69.17500305175781,69.69049835205078,70.98600006103516
69.69049835205078,70.98600006103516,72.60299682617188
70.98600006103516,72.60299682617188,73.4469986
72.60299682617188,73.4469986,73.29000091552734
73.4469986,73.29000091552734,74.43849945
73.29000091552734,74.43849945,75.17449951171875
74.43849945,75.17449951171875,75.12699890136719
75.17449951171875,75.12699890136719,75.0
75.12699890136719,75.0,76.14199829101562
75.0,76.14199829101562,76.33899688720703
76.14199829101562,76.33899688720703,76.43499755859375
76.33899688720703,76.43499755859375,75.92449951171875
76.43499755859375,75.92449951171875,75.05249786376953
75.92449951171875,75.05249786376953,76.26899719238281
75.05249786376953,76.26899719238281,77.10649871826172
76.26899719238281,77.10649871826172,77.29499816894531
77.10649871826172,77.29499816894531,77.74400329589844
77.29499816894531,77.74400329589844,78.9469986
77.74400329589844,78.9469986,80.26650238
78.9469986,80.26650238,80.87699890136719
80.26650238,80.87699890136719,80.3219986
80.87699890136719,80.3219986,79.84549713134766
80.3219986,79.84549713134766,79.47200012207031
79.84549713134766,79.47200012207031,78.08300018310547
79.47200012207031,78.08300018310547,79.34999847
78.08300018310547,79.34999847,79.5
79.34999847,79.5,78.69249725341797
79.5,78.69249725341797,77.45099639892578
78.69249725341797,77.45099639892578,77.84950256347656
77.45099639892578,77.84950256347656,78.79850006103516
77.84950256347656,78.79850006103516,72.79499816894531
78.79850006103516,72.79499816894531,72.77349853515625
72.79499816894531,72.77349853515625,71.06800079345703
72.77349853515625,71.06800079345703,70.69999694824219
71.06800079345703,70.69999694824219,70.76950073242188
70.69999694824219,70.76950073242188,72.97799682617188
70.76950073242188,72.97799682617188,72.625
72.97799682617188,72.625,71.92400360107422
72.625,71.92400360107422,71.91899871826172
71.92400360107422,71.91899871826172,72.43900299072266
71.91899871826172,72.43900299072266,72.60600280761719
72.43900299072266,72.60600280761719,72.98899841308594
72.60600280761719,72.98899841308594,72.34999847
72.98899841308594,72.34999847,75.35949707
72.34999847,75.35949707,76.69000244140625
75.35949707,76.69000244140625,78.4260025
76.69000244140625,78.4260025,78.05999755859375
78.4260025,78.05999755859375,77.40000153
78.05999755859375,77.40000153,76.97499847
77.40000153,76.97499847,73.49949645996094
76.97499847,73.49949645996094,76.47100067138672
73.49949645996094,76.47100067138672,81.90499877929688
76.47100067138672,81.90499877929688,79.80000305175781
81.90499877929688,79.80000305175781,79.25
79.80000305175781,79.25,79.42500305175781
79.25,79.42500305175781,78.73999786376953
79.42500305175781,78.73999786376953,79.24500274658203
78.73999786376953,79.24500274658203,80.34750366210938
79.24500274658203,80.34750366210938,79.84400177001953
80.34750366210938,79.84400177001953,80.40000153
79.84400177001953,80.40000153,80.77999877929688
80.40000153,80.77999877929688,80.55500030517578
80.77999877929688,80.55500030517578,80.55899810791016
80.55500030517578,80.55899810791016,79.38999938964844
80.55899810791016,79.38999938964844,79.72149658203125
79.38999938964844,79.72149658203125,79.70200348
79.72149658203125,79.70200348,79.17949676513672
79.70200348,79.17949676513672,79.60250091552734
79.17949676513672,79.60250091552734,79.49449920654297
79.60250091552734,79.49449920654297,80.09300231933594
79.49449920654297,80.09300231933594,80.41200256347656
80.09300231933594,80.41200256347656,80.70600128173828
80.41200256347656,80.70600128173828,81.08950043
80.70600128173828,81.08950043,81.30000305175781
81.08950043,81.30000305175781,81.75
81.30000305175781,81.75,82.33650207519531
81.75,82.33650207519531,83.28399658203125
82.33650207519531,83.28399658203125,84.94999694824219
83.28399658203125,84.94999694824219,85.72499847
84.94999694824219,85.72499847,84.99500274658203
85.72499847,84.99500274658203,84.47200012207031
84.99500274658203,84.47200012207031,84.71199798583984
84.47200012207031,84.71199798583984,84.97550201416016
84.71199798583984,84.97550201416016,85.6875
84.97550201416016,85.6875,86.23999786376953
85.6875,86.23999786376953,86.04350280761719
86.23999786376953,86.04350280761719,86.33699798583984
86.04350280761719,86.33699798583984,86.80549621582031
86.33699798583984,86.80549621582031,88.14649963378906
86.80549621582031,88.14649963378906,88.15499877929688
88.14649963378906,88.15499877929688,87.15000153
88.15499877929688,87.15000153,85.25
87.15000153,85.25,85.07849884033203
85.25,85.07849884033203,85.59750366210938
85.07849884033203,85.59750366210938,85.27500153
85.59750366210938,85.27500153,86.17050170898438
85.27500153,86.17050170898438,85.69450378417969
86.17050170898438,85.69450378417969,86.25
85.69450378417969,86.25,85.53450012207031
86.25,85.53450012207031,85.76349639892578
85.53450012207031,85.76349639892578,86.97799682617188
85.76349639892578,86.97799682617188,87.5
86.97799682617188,87.5,87.84799957
87.5,87.84799957,89.90000153
87.84799957,89.90000153,90.76499938964844
89.90000153,90.76499938964844,92.09750366210938
90.76499938964844,92.09750366210938,92.58450317382812
92.09750366210938,92.58450317382812,92.94400024414062
92.58450317382812,92.94400024414062,92.05000305
92.94400024414062,92.05000305,91.74199676513672
92.05000305,91.74199676513672,90.94999695
91.74199676513672,90.94999695,92.0
90.94999695,92.0,93.19200134277344
92.0,93.19200134277344,92.23400115966795
93.19200134277344,92.23400115966795,94.00250244140624
92.23400115966795,94.00250244140624,91.47499847
94.00250244140624,91.47499847,90.09149932861328
91.47499847,90.09149932861328,89.92199707
90.09149932861328,89.92199707,91.82800293
89.92199707,91.82800293,92.05000305
91.82800293,92.05000305,92.38849639892578
92.05000305,92.38849639892578,93.48600006103516
92.38849639892578,93.48600006103516,94.57550048828124
93.48600006103516,94.57550048828124,95.72850036621094
94.57550048828124,95.72850036621094,94.97499847
95.72850036621094,94.97499847,96.25
94.97499847,96.25,96.05049896240234
96.25,96.05049896240234,95.8105011
96.05049896240234,95.8105011,95.25
95.8105011,95.25,94.40000153
95.25,94.40000153,94.58750153
94.40000153,94.58750153,94.88749695
94.58750153,94.88749695,95.29000091552734
94.88749695,95.29000091552734,95.97499847
95.29000091552734,95.97499847,95.80049896240234
95.97499847,95.80049896240234,96.38500213623048
95.80049896240234,96.38500213623048,97.08899688720705
96.38500213623048,97.08899688720705,99.93450164794922
97.08899688720705,99.93450164794922,101.27850341796876
99.93450164794922,101.27850341796876,101.11900329589844
101.27850341796876,101.11900329589844,102.5250015258789
101.11900329589844,102.5250015258789,102.0189971923828
102.5250015258789,102.0189971923828,100.375
102.0189971923828,100.375,98.76000213623048
100.375,98.76000213623048,98.65200043
98.76000213623048,98.65200043,99.44400024414062
98.65200043,99.44400024414062,100.0
99.44400024414062,100.0,100.43800354003906
100.0,100.43800354003906,99.68250274658205
100.43800354003906,99.68250274658205,97.84100341796876
99.68250274658205,97.84100341796876,97.91000366210938
97.84100341796876,97.91000366210938,97.04149627685548
97.91000366210938,97.04149627685548,97.75
97.04149627685548,97.75,97.8655014
97.75,97.8655014,96.84400177001952
97.8655014,96.84400177001952,98.79550170898438
96.84400177001952,98.79550170898438,99.76249695
98.79550170898438,99.76249695,100.80799865722656
99.76249695,100.80799865722656,101.32599639892578
100.80799865722656,101.32599639892578,101.65950012207033
101.32599639892578,101.65950012207033,100.66950225830078
101.65950012207033,100.66950225830078,99.48500061035156
100.66950225830078,99.48500061035156,97.80000305
99.48500061035156,97.80000305,96.45400238
97.80000305,96.45400238,95.09999847
96.45400238,95.09999847,94.83399963378906
95.09999847,94.83399963378906,92.9280014
94.83399963378906,92.9280014,87.76999664
92.9280014,87.76999664,90.44750213623048
87.76999664,90.44750213623048,89.75250244140625
90.44750213623048,89.75250244140625,91.19400024414062
89.75250244140625,91.19400024414062,92.25
91.19400024414062,92.25,91.50749969482422
92.25,91.50749969482422,90.45500183105467
91.50749969482422,90.45500183105467,90.47499847
90.45500183105467,90.47499847,88.81700134277344
90.47499847,88.81700134277344,88.88549805
88.81700134277344,88.88549805,89.7405014
88.88549805,89.7405014,84.92299652
89.7405014,84.92299652,83.28700256347656
84.92299652,83.28700256347656,77.04949951171875
83.28700256347656,77.04949951171875,81.19550323486328
77.04949951171875,81.19550323486328,83.52249908447266
81.19550323486328,83.52249908447266,84.87200164794922
83.52249908447266,84.87200164794922,82.90450286865234
84.87200164794922,82.90450286865234,83.25
82.90450286865234,83.25,87.96150207519531
83.25,87.96150207519531,89.19999694824219
87.96150207519531,89.19999694824219,87.19599914550781
89.19999694824219,87.19599914550781,85.42749786376953
87.19599914550781,85.42749786376953,83.85299682617188
85.42749786376953,83.85299682617188,83.65000153
83.85299682617188,83.65000153,81.24099731445312
83.65000153,81.24099731445312,80.72399902
81.24099731445312,80.72399902,79.05950164794922
80.72399902,79.05950164794922,76.73750305175781
79.05950164794922,76.73750305175781,77.5
76.73750305175781,77.5,76.80999755859375
77.5,76.80999755859375,79.2405014
76.80999755859375,79.2405014,79.88249969482422
79.2405014,79.88249969482422,84.07250213623047
79.88249969482422,84.07250213623047,84.49949645996094
84.07250213623047,84.49949645996094,84.80000305175781
84.49949645996094,84.80000305175781,88.91699981689453
84.80000305175781,88.91699981689453,88.51699829101562
88.91699981689453,88.51699829101562,85.05249786376953
88.51699829101562,85.05249786376953,85.94650268554688
85.05249786376953,85.94650268554688,82.89949798583984
85.94650268554688,82.89949798583984,83.97350311279297
82.89949798583984,83.97350311279297,85.24949645996094
83.97350311279297,85.24949645996094,84.60600280761719
85.24949645996094,84.60600280761719,82.12850189208984
84.60600280761719,82.12850189208984,78.80650329589844
82.12850189208984,78.80650329589844,78.37750244140625
78.80650329589844,78.37750244140625,79.22650146484375
78.37750244140625,79.22650146484375,75.47499847
79.22650146484375,75.47499847,74.0
75.47499847,74.0,69.80149841308594
74.0,69.80149841308594,73.65799713134766
69.80149841308594,73.65799713134766,73.44999694824219
73.65799713134766,73.44999694824219,75.67350006103516
73.44999694824219,75.67350006103516,76.03800201416016
75.67350006103516,76.03800201416016,77.66799926757812
76.03800201416016,77.66799926757812,76.90000153
77.66799926757812,76.90000153,79.69999694824219
76.90000153,79.69999694824219,81.72799682617188
79.69999694824219,81.72799682617188,83.83049774169922
81.72799682617188,83.83049774169922,83.38999938964844
83.83049774169922,83.38999938964844,83.16249847
83.38999938964844,83.16249847,83.01450348
83.16249847,83.01450348,82.41000366210938
83.01450348,82.41000366210938,83.75800323486328
82.41000366210938,83.75800323486328,85.25
83.75800323486328,85.25,85.00849914550781
85.25,85.00849914550781,85.80999755859375
85.00849914550781,85.80999755859375,84.09349822998047
85.80999755859375,84.09349822998047,82.87149810791016
84.09349822998047,82.87149810791016,82.86299896240234
82.87149810791016,82.86299896240234,84.17400360107422
82.86299896240234,84.17400360107422,82.25
84.17400360107422,82.25,81.61900329589844
82.25,81.61900329589844,83.84750366210938
81.61900329589844,83.84750366210938,86.82050323486328
83.84750366210938,86.82050323486328,83.65299987792969
86.82050323486328,83.65299987792969,82.48149871826172
83.65299987792969,82.48149871826172,83.26300048828125
82.48149871826172,83.26300048828125,83.61299896240234
83.26300048828125,83.61299896240234,81.27700043
83.61299896240234,81.27700043,79.42949676513672
81.27700043,79.42949676513672,80.46450043
79.42949676513672,80.46450043,81.97000122070312
80.46450043,81.97000122070312,82.81900024414062
81.97000122070312,82.81900024414062,81.89499664
82.81900024414062,81.89499664,81.44550323486328
81.89499664,81.44550323486328,81.69999694824219
81.44550323486328,81.69999694824219,81.74649810791016
81.69999694824219,81.74649810791016,81.1780014
81.74649810791016,81.1780014,81.74700164794922
81.1780014,81.74700164794922,82.73000336
81.74700164794922,82.73000336,81.99949645996094
82.73000336,81.99949645996094,82.09049987792969
81.99949645996094,82.09049987792969,82.58850098
82.09049987792969,82.58850098,83.71299743652344
82.58850098,83.71299743652344,85.47149658203125
83.71299743652344,85.47149658203125,85.38999938964844
85.47149658203125,85.38999938964844,84.88749694824219
85.38999938964844,84.88749694824219,83.48750305175781
84.88749694824219,83.48750305175781,81.13600158691406
83.48750305175781,81.13600158691406,83.61450195
81.13600158691406,83.61450195,84.21350098
83.61450195,84.21350098,85.0
84.21350098,85.0,85.09999847
85.0,85.09999847,85.94000244140625
85.09999847,85.94000244140625,87.5
85.94000244140625,87.5,89.20800018310547
87.5,89.20800018310547,89.97499847
89.20800018310547,89.97499847,91.1875
89.97499847,91.1875,90.9489975
91.1875,90.9489975,89.13400268554688
90.9489975,89.13400268554688,90.28849792480467
89.13400268554688,90.28849792480467,89.375
90.28849792480467,89.375,88.89649963378906
89.375,88.89649963378906,89.64299774169922
88.89649963378906,89.64299774169922,90.78350067138672
89.64299774169922,90.78350067138672,91.0
90.78350067138672,91.0,91.5
91.0,91.5,91.4375
91.5,91.4375,91.92900085
91.4375,91.92900085,92.51000213623048
91.92900085,92.51000213623048,92.65450286865234
92.51000213623048,92.65450286865234,92.40000153
92.65450286865234,92.40000153,92.49749755859376
92.40000153,92.49749755859376,92.57499695
92.49749755859376,92.57499695,92.34249877929688
92.57499695,92.34249877929688,93.4885025
92.34249877929688,93.4885025,93.82350158691406
93.4885025,93.82350158691406,93.54100036621094
93.82350158691406,93.54100036621094,94.42099762
93.54100036621094,94.42099762,96.46299743652344
94.42099762,96.46299743652344,96.48449707
96.46299743652344,96.48449707,96.12249755859376
96.48449707,96.12249755859376,97.55000305
96.12249755859376,97.55000305,97.81700134277344
97.55000305,97.81700134277344,96.78549957
97.81700134277344,96.78549957,97.18199920654295
96.78549957,97.18199920654295,96.07749938964844
97.18199920654295,96.07749938964844,98.22000122070312
96.07749938964844,98.22000122070312,97.94999695
98.22000122070312,97.94999695,97.45500183105467
97.94999695,97.45500183105467,96.76850128173828
97.45500183105467,96.76850128173828,95.47000122070312
96.76850128173828,95.47000122070312,95.1894989
95.47000122070312,95.1894989,92.32700348
95.1894989,92.32700348,92.62200164794922
92.32700348,92.62200164794922,93.72149658203124
92.62200164794922,93.72149658203124,95.87550354003906
93.72149658203124,95.87550354003906,95.52649688720705
95.87550354003906,95.52649688720705,93.38899993896484
95.52649688720705,93.38899993896484,93.94999695
93.38899993896484,93.94999695,93.57450103759766
93.94999695,93.57450103759766,92.19999695
93.57450103759766,92.19999695,92.08799743652344
92.19999695,92.08799743652344,92.46350098
92.08799743652344,92.46350098,91.5
92.46350098,91.5,91.47350311279295
91.5,91.47350311279295,89.77950286865234
91.47350311279295,89.77950286865234,88.31449890136719
89.77950286865234,88.31449890136719,86.54100036621094
88.31449890136719,86.54100036621094,87.59999847
86.54100036621094,87.59999847,88.0
87.59999847,88.0,90.3125
88.0,90.3125,94.24349975585938
90.3125,94.24349975585938,94.68499755859376
94.24349975585938,94.68499755859376,93.25
94.68499755859376,93.25,94.15450286865234
93.25,94.15450286865234,93.80000305
94.15450286865234,93.80000305,94.78450012207033
93.80000305,94.78450012207033,96.08350372314452
94.78450012207033,96.08350372314452,95.97899627685548
96.08350372314452,95.97899627685548,96.76000213623048
95.97899627685548,96.76000213623048,96.29750061035156
96.76000213623048,96.29750061035156,95.84300231933594
96.29750061035156,95.84300231933594,95.81950378417967
95.84300231933594,95.81950378417967,95.19000244140624
95.81950378417967,95.19000244140624,95.56199645996094
95.19000244140624,95.56199645996094,95.64700317382812
95.56199645996094,95.64700317382812,96.49099731445312
95.64700317382812,96.49099731445312,96.73950195
96.49099731445312,96.73950195,97.07949829101562
96.73950195,97.07949829101562,97.29499816894533
97.07949829101562,97.29499816894533,97.80000305
97.29499816894533,97.80000305,99.50050354003906
97.80000305,99.50050354003906,101.24700164794922
99.50050354003906,101.24700164794922,101.79000091552734
101.24700164794922,101.79000091552734,100.8499984741211
101.79000091552734,100.8499984741211,101.1449966430664
100.8499984741211,101.1449966430664,101.31600189208984
101.1449966430664,101.31600189208984,100.5999984741211
101.31600189208984,100.5999984741211,99.375
100.5999984741211,99.375,99.80000305
99.375,99.80000305,99.44999695
99.80000305,99.44999695,99.88950348
99.44999695,99.88950348,100.06500244140624
99.88950348,100.06500244140624,100.05999755859376
100.06500244140624,100.05999755859376,97.54499816894533
100.05999755859376,97.54499816894533,96.61150360107422
97.54499816894533,96.61150360107422,95.49449920654295
96.61150360107422,95.49449920654295,94.97750091552734
95.49449920654295,94.97750091552734,94.89600372314452
94.97750091552734,94.89600372314452,92.31800079345705
94.89600372314452,92.31800079345705,89.43350219726562
92.31800079345705,89.43350219726562,89.68849945
89.43350219726562,89.68849945,89.94650268554688
89.68849945,89.94650268554688,91.71299743652344
89.94650268554688,91.71299743652344,91.55449676513672
91.71299743652344,91.55449676513672,90.04900360107422
91.55449676513672,90.04900360107422,91.58699798583984
90.04900360107422,91.58699798583984,89.78250122070312
91.58699798583984,89.78250122070312,89.40000153
89.78250122070312,89.40000153,90.14550018310548
89.40000153,90.14550018310548,91.30000305
90.14550018310548,91.30000305,90.84100341796876
91.30000305,90.84100341796876,91.47899627685548
90.84100341796876,91.47899627685548,91.47049713134766
91.47899627685548,91.47049713134766,90.24500274658205
91.47049713134766,90.24500274658205,88.5
90.24500274658205,88.5,88.97000122070312
88.5,88.97000122070312,88.39299774169922
88.97000122070312,88.39299774169922,89.92749786376953
88.39299774169922,89.92749786376953,89.98699951171875
89.92749786376953,89.98699951171875,90.04000091552734
89.98699951171875,90.04000091552734,90.38150024414062
90.04000091552734,90.38150024414062,92.09999847
90.38150024414062,92.09999847,92.03250122070312
92.09999847,92.03250122070312,92.5
92.03250122070312,92.5,91.29049682617188
92.5,91.29049682617188,91.67099762
91.29049682617188,91.67099762,92.68299865722656
91.67099762,92.68299865722656,92.30599975585938
92.68299865722656,92.30599975585938,91.28450012207033
92.30599975585938,91.28450012207033,91.19950103759766
91.28450012207033,91.19950103759766,91.10299682617188
91.19950103759766,91.10299682617188,91.62850189208984
91.10299682617188,91.62850189208984,91.53150177001952
91.62850189208984,91.53150177001952,89.63500213623047
91.53150177001952,89.63500213623047,89.78549957
89.63500213623047,89.78549957,88.65000153
89.78549957,88.65000153,88.16850280761719
88.65000153,88.16850280761719,87.45600128173828
88.16850280761719,87.45600128173828,86.87300109863281
87.45600128173828,86.87300109863281,87.77999877929688
86.87300109863281,87.77999877929688,86.44450378417969
87.77999877929688,86.44450378417969,86.25
86.44450378417969,86.25,87.02899932861328
86.25,87.02899932861328,87.39150238
87.02899932861328,87.39150238,86.34999847
87.39150238,86.34999847,86.49749755859375
86.34999847,86.49749755859375,86.91449737548828
86.49749755859375,86.91449737548828,87.27249908447266
86.91449737548828,87.27249908447266,87.09449768066406
87.27249908447266,87.09449768066406,88.82250213623047
87.09449768066406,88.82250213623047,89.31199645996094
88.82250213623047,89.31199645996094,89.94249725341797
89.31199645996094,89.94249725341797,89.6989975
89.94249725341797,89.6989975,89.29399871826172
89.6989975,89.29399871826172,89.48899841308594
89.29399871826172,89.48899841308594,88.50250244140625
89.48899841308594,88.50250244140625,89.41699981689453
88.50250244140625,89.41699981689453,88.21050262451172
89.41699981689453,88.21050262451172,88.93499755859375
88.21050262451172,88.93499755859375,88.84999847
88.93499755859375,88.84999847,89.11900329589844
88.84999847,89.11900329589844,89.59999847
89.11900329589844,89.59999847,89.87249755859375
89.59999847,89.87249755859375,90.75299835205078
89.87249755859375,90.75299835205078,90.51249695
90.75299835205078,90.51249695,90.125
90.51249695,90.125,90.29499816894533
90.125,90.29499816894533,89.49400329589844
90.29499816894533,89.49400329589844,89.0
89.49400329589844,89.0,89.31099700927734
89.0,89.31099700927734,88.75
89.31099700927734,88.75,88.32949829101562
88.75,88.32949829101562,88.08399963378906
88.32949829101562,88.08399963378906,87.68499755859375
88.08399963378906,87.68499755859375,88.03399658203125
87.68499755859375,88.03399658203125,88.12599945
88.03399658203125,88.12599945,87.34349822998047
88.12599945,87.34349822998047,87.32150268554688
87.34349822998047,87.32150268554688,88.87100219726562
87.32150268554688,88.87100219726562,89.85150146484375
88.87100219726562,89.85150146484375,91.22499847
89.85150146484375,91.22499847,91.23449707
91.22499847,91.23449707,90.27749633789062
91.23449707,90.27749633789062,88.64350128173828
90.27749633789062,88.64350128173828,89.45449829101562
88.64350128173828,89.45449829101562,88.17500305175781
89.45449829101562,88.17500305175781,87.72000122070312
88.17500305175781,87.72000122070312,88.34449768066406
87.72000122070312,88.34449768066406,87.53350067138672
88.34449768066406,87.53350067138672,87.5
87.53350067138672,87.5,88.19999694824219
87.5,88.19999694824219,88.44950103759766
88.19999694824219,88.44950103759766,88.47499847
88.44950103759766,88.47499847,89.59999847
88.47499847,89.59999847,89.91000366210938
89.59999847,89.91000366210938,89.64949798583984
89.91000366210938,89.64949798583984,90.14849853515624
89.64949798583984,90.14849853515624,89.65000153
90.14849853515624,89.65000153,89.77850341796875
89.65000153,89.77850341796875,93.52300262451172
89.77850341796875,93.52300262451172,95.06999969482422
93.52300262451172,95.06999969482422,94.19999695
95.06999969482422,94.19999695,92.66300201416016
94.19999695,92.66300201416016,94.90049743652344
92.66300201416016,94.90049743652344,94.30999755859376
94.90049743652344,94.30999755859376,95.18450164794922
94.30999755859376,95.18450164794922,95.69450378417967
95.18450164794922,95.69450378417967,95.55000305
95.69450378417967,95.55000305,95.89099884033205
95.55000305,95.89099884033205,95.34700012207033
95.89099884033205,95.34700012207033,94.90000153
95.34700012207033,94.90000153,94.35549926757812
94.90000153,94.35549926757812,93.94300079345705
94.35549926757812,93.94300079345705,94.27950286865234
93.94300079345705,94.27950286865234,94.33200073242188
94.27950286865234,94.33200073242188,94.71350098
94.33200073242188,94.71350098,95.125
94.71350098,95.125,94.49900055
95.125,94.49900055,94.74949645996094
94.49900055,94.74949645996094,92.05000305
94.74949645996094,92.05000305,92.90550231933594
92.05000305,92.90550231933594,93.73750305
92.90550231933594,93.73750305,93.64350128173828
93.73750305,93.64350128173828,102.78600311279295
93.64350128173828,102.78600311279295,102.4250030517578
102.78600311279295,102.4250030517578,102.98999786376952
102.4250030517578,102.98999786376952,103.5510025024414
102.98999786376952,103.5510025024414,102.81500244140624
103.5510025024414,102.81500244140624,104.92649841308594
102.81500244140624,104.92649841308594,106.77999877929688
104.92649841308594,106.77999877929688,109.29750061035156
106.77999877929688,109.29750061035156,109.0124969482422
109.29750061035156,109.0124969482422,108.51399993896484
109.0124969482422,108.51399993896484,107.9520034790039
108.51399993896484,107.9520034790039,108.30349731445312
107.9520034790039,108.30349731445312,109.25499725341795
108.30349731445312,109.25499725341795,108.8395004272461
109.25499725341795,108.8395004272461,107.22750091552734
108.8395004272461,107.22750091552734,101.96499633789062
107.22750091552734,101.96499633789062,101.7300033569336
101.96499633789062,101.7300033569336,100.7334976196289
101.7300033569336,100.7334976196289,98.75
100.7334976196289,98.75,94.48799896240234
98.75,94.48799896240234,97.72550201416016
94.48799896240234,97.72550201416016,99.81649780273438
97.72550201416016,99.81649780273438,98.90000153
99.81649780273438,98.90000153,98.03600311279295
98.90000153,98.03600311279295,95.54350281
98.03600311279295,95.54350281,93.13849639892578
95.54350281,93.13849639892578,94.71350098
93.13849639892578,94.71350098,93.56600189208984
94.71350098,93.56600189208984,88.25
93.56600189208984,88.25,89.31549835205078
88.25,89.31549835205078,87.97250366210938
89.31549835205078,87.97250366210938,92.88899993896484
87.97250366210938,92.88899993896484,92.08300018310548
92.88899993896484,92.08300018310548,97.25
92.08300018310548,97.25,97.84999847
97.25,97.84999847,95.97000122070312
97.84999847,95.97000122070312,97.75
95.97000122070312,97.75,97.51300048828124
97.75,97.51300048828124,97.82450103759766
97.51300048828124,97.82450103759766,96.98950195
97.82450103759766,96.98950195,98.68150329589844
96.98950195,98.68150329589844,99.65100098
98.68150329589844,99.65100098,97.2480011
99.65100098,97.2480011,96.37650299072266
97.2480011,96.37650299072266,96.31649780273438
96.37650299072266,96.31649780273438,99.9260025
96.31649780273438,99.9260025,101.78600311279295
99.9260025,101.78600311279295,102.1999969482422
101.78600311279295,102.1999969482422,102.6500015258789
102.1999969482422,102.6500015258789,109.0
102.6500015258789,109.0,114.5999984741211
109.0,114.5999984741211,116.6685028076172
114.5999984741211,116.6685028076172,123.0500030517578
116.6685028076172,123.0500030517578,120.0
123.0500030517578,120.0,122.2490005493164
120.0,122.2490005493164,121.41549682617188
122.2490005493164,121.41549682617188,119.6999969482422
121.41549682617188,119.6999969482422,121.21099853515624
119.6999969482422,121.21099853515624,121.02149963378906
121.21099853515624,121.02149963378906,122.24400329589844
121.02149963378906,122.24400329589844,118.6750030517578
122.24400329589844,118.6750030517578,119.59449768066406
118.6750030517578,119.59449768066406,123.75
119.59449768066406,123.75,118.12200164794922
123.75,118.12200164794922,116.3489990234375
118.12200164794922,116.3489990234375,117.5500030517578
116.3489990234375,117.5500030517578,117.87249755859376
117.5500030517578,117.87249755859376,118.8000030517578
117.87249755859376,118.8000030517578,119.36199951171876
118.8000030517578,119.36199951171876,120.9834976196289
119.36199951171876,120.9834976196289,120.9499969482422
120.9834976196289,120.9499969482422,120.38500213623048
120.9499969482422,120.38500213623048,119.56849670410156
120.38500213623048,119.56849670410156,120.5500030517578
119.56849670410156,120.5500030517578,121.6500015258789
120.5500030517578,121.6500015258789,124.25
121.6500015258789,124.25,125.00050354003906
124.25,125.00050354003906,126.27249908447266
125.00050354003906,126.27249908447266,123.49250030517578
126.27249908447266,123.49250030517578,123.0999984741211
123.49250030517578,123.0999984741211,120.6790008544922
123.0999984741211,120.6790008544922,121.84850311279295
120.6790008544922,121.84850311279295,122.11849975585938
121.84850311279295,122.11849975585938,123.84649658203124
122.11849975585938,123.84649658203124,123.67649841308594
123.84649658203124,123.67649841308594,124.4000015258789
123.67649841308594,124.4000015258789,125.3769989013672
124.4000015258789,125.3769989013672,124.43250274658205
125.3769989013672,124.43250274658205,126.5
124.43250274658205,126.5,131.32150268554688
126.5,131.32150268554688,136.11749267578125
131.32150268554688,136.11749267578125,133.56900024414062
136.11749267578125,133.56900024414062,131.07400512695312
133.56900024414062,131.07400512695312,129.1999969482422
131.07400512695312,129.1999969482422,131.0
129.1999969482422,131.0,132.75
131.0,132.75,132.98199462890625
132.75,132.98199462890625,134.8715057373047
132.98199462890625,134.8715057373047,135.75
134.8715057373047,135.75,139.15550231933594
135.75,139.15550231933594,139.8000030517578
139.15550231933594,139.8000030517578,137.81149291992188
139.8000030517578,137.81149291992188,139.1284942626953
137.81149291992188,139.1284942626953,134.83999633789062
139.1284942626953,134.83999633789062,138.48150634765625
134.83999633789062,138.48150634765625,144.75
138.48150634765625,144.75,147.7779998779297
144.75,147.7779998779297,152.99400329589844
147.7779998779297,152.99400329589844,153.4774932861328
152.99400329589844,153.4774932861328,154.19850158691406
153.4774932861328,154.19850158691406,159.69400024414062
154.19850158691406,159.69400024414062,160.75
159.69400024414062,160.75,167.21449279785156
160.75,167.21449279785156,156.36900329589844
167.21449279785156,156.36900329589844,154.91749572753906
156.36900329589844,154.91749572753906,151.60000610351562
154.91749572753906,151.60000610351562,151.1999969482422
151.60000610351562,151.1999969482422,160.0679931640625
151.1999969482422,160.0679931640625,162.0290069580078
160.0679931640625,162.0290069580078,157.5
162.0290069580078,157.5,154.9134979248047
157.5,154.9134979248047,151.57899475097656
154.9134979248047,151.57899475097656,154.89999389648438
151.57899475097656,154.89999389648438,153.85450744628906
154.89999389648438,153.85450744628906,151.95799255371094
153.85450744628906,151.95799255371094,154.60000610351562
151.95799255371094,154.60000610351562,162.34100341796875
154.60000610351562,162.34100341796875,159.1999969482422
162.34100341796875,159.1999969482422,158.36199951171875
159.1999969482422,158.36199951171875,160.67950439453125
158.36199951171875,160.67950439453125,162.37350463867188
160.67950439453125,162.37350463867188,162.04049682617188
162.37350463867188,162.04049682617188,158.62550354003906
162.04049682617188,158.62550354003906,157.96099853515625
158.62550354003906,157.96099853515625,158.71949768066406
157.96099853515625,158.71949768066406,160.87600708007812
158.71949768066406,160.87600708007812,158.91200256347656
160.87600708007812,158.91200256347656,159.74850463867188
158.91200256347656,159.74850463867188,166.0
159.74850463867188,166.0,165.7949981689453
166.0,165.7949981689453,165.63099670410156
165.7949981689453,165.63099670410156,165.72000122070312
165.63099670410156,165.72000122070312,169.01600646972656
165.72000122070312,169.01600646972656,167.8699951171875
169.01600646972656,167.8699951171875,172.58700561523438
167.8699951171875,172.58700561523438,172.64999389648438
172.58700561523438,172.64999389648438,171.6685028076172
172.64999389648438,171.6685028076172,174.75
171.6685028076172,174.75,175.69349670410156
174.75,175.69349670410156,177.6125030517578
175.69349670410156,177.6125030517578,174.42050170898438
177.6125030517578,174.42050170898438,169.0749969482422
174.42050170898438,169.0749969482422,162.54249572753906
169.0749969482422,162.54249572753906,165.15899658203125
162.54249572753906,165.15899658203125,167.4945068359375
165.15899658203125,167.4945068359375,160.86700439453125
167.4945068359375,160.86700439453125,159.3695068359375
160.86700439453125,159.3695068359375,158.75100708007812
159.3695068359375,158.75100708007812,159.36199951171875
158.75100708007812,159.36199951171875,151.47149658203125
159.36199951171875,151.47149658203125,151.88999938964844
151.47149658203125,151.88999938964844,148.10000610351562
151.88999938964844,148.10000610351562,156.69949340820312
148.10000610351562,156.69949340820312,156.35000610351562
156.69949340820312,156.35000610351562,153.46499633789062
156.35000610351562,153.46499633789062,155.07699584960938
153.46499633789062,155.07699584960938,158.7519989013672
155.07699584960938,158.7519989013672,159.41299438476562
158.7519989013672,159.41299438476562,160.6439971923828
159.41299438476562,160.6439971923828,161.1999969482422
160.6439971923828,161.1999969482422,159.7899932861328
161.1999969482422,159.7899932861328,160.12649536132812
159.7899932861328,160.12649536132812,159.10000610351562
160.12649536132812,159.10000610351562,160.0
159.10000610351562,160.0,161.6645050048828
160.0,161.6645050048828,164.44949340820312
161.6645050048828,164.44949340820312,174.81199645996094
164.44949340820312,174.81199645996094,174.61900329589844
174.81199645996094,174.61900329589844,173.24400329589844
174.61900329589844,173.24400329589844,167.79400634765625
173.24400329589844,167.79400634765625,169.98300170898438
167.79400634765625,169.98300170898438,166.4499969482422
169.98300170898438,166.4499969482422,163.3000030517578
166.4499969482422,163.3000030517578,161.69400024414062
163.3000030517578,161.69400024414062,159.9375
161.69400024414062,159.9375,160.26649475097656
159.9375,160.26649475097656,164.1490020751953
160.26649475097656,164.1490020751953,164.58299255371094
164.1490020751953,164.58299255371094,163.2010040283203
164.58299255371094,163.2010040283203,162.8625030517578
163.2010040283203,162.8625030517578,158.35000610351562
162.8625030517578,158.35000610351562,153.98550415039062
158.35000610351562,153.98550415039062,153.7449951171875
153.98550415039062,153.7449951171875,162.24249267578125
153.7449951171875,162.24249267578125,168.33999633789062
162.24249267578125,168.33999633789062,166.10000610351562
168.33999633789062,166.10000610351562,164.4499969482422
166.10000610351562,164.4499969482422,155.6999969482422
164.4499969482422,155.6999969482422,156.95750427246094
155.6999969482422,156.95750427246094,158.79400634765625
156.95750427246094,158.79400634765625,157.08599853515625
158.79400634765625,157.08599853515625,157.13499450683594
157.08599853515625,157.13499450683594,159.46249389648438
157.13499450683594,159.46249389648438,157.0
159.46249389648438,157.0,156.25
157.0,156.25,156.64450073242188
156.25,156.64450073242188,156.9875030517578
156.64450073242188,156.9875030517578,156.71249389648438
156.9875030517578,156.71249389648438,159.89999389648438
156.71249389648438,159.89999389648438,160.8094940185547
159.89999389648438,160.8094940185547,161.41949462890625
160.8094940185547,161.41949462890625,162.44749450683594
161.41949462890625,162.44749450683594,161.60000610351562
162.44749450683594,161.60000610351562,161.4320068359375
161.60000610351562,161.4320068359375,159.91050720214844
161.4320068359375,159.91050720214844,159.03799438476562
159.91050720214844,159.03799438476562,159.2064971923828
159.03799438476562,159.2064971923828,158.72149658203125
159.2064971923828,158.72149658203125,157.10499572753906
158.72149658203125,157.10499572753906,155.93350219726562
157.10499572753906,155.93350219726562,159.52349853515625
155.93350219726562,159.52349853515625,159.4250030517578
159.52349853515625,159.4250030517578,162.35000610351562
159.4250030517578,162.35000610351562,163.17550659179688
162.35000610351562,163.17550659179688,162.4709930419922
163.17550659179688,162.4709930419922,161.34849548339844
162.4709930419922,161.34849548339844,161.10000610351562
161.34849548339844,161.10000610351562,160.50650024414062
161.10000610351562,160.50650024414062,160.10000610351562
160.50650024414062,160.10000610351562,165.1999969482422
160.10000610351562,165.1999969482422,167.53250122070312
165.1999969482422,167.53250122070312,167.10499572753906
167.53250122070312,167.10499572753906,164.1459961
167.10499572753906,164.1459961,163.60000610351562
164.1459961,163.60000610351562,161.16900634765625
163.60000610351562,161.16900634765625,159.87550354003906
161.16900634765625,159.87550354003906,160.427002
159.87550354003906,160.427002,159.53199768066406
160.427002,159.53199768066406,157.81900024414062
159.53199768066406,157.81900024414062,157.10699462890625
157.81900024414062,157.10699462890625,159.49749755859375
157.10699462890625,159.49749755859375,158.89999389648438
159.49749755859375,158.89999389648438,157.12750244140625
158.89999389648438,157.12750244140625,157.25
157.12750244140625,157.25,163.99000549316406
157.25,163.99000549316406,167.42750549316406
163.99000549316406,167.42750549316406,166.0955047607422
167.42750549316406,166.0955047607422,168.1945037841797
166.0955047607422,168.1945037841797,166.89999389648438
168.1945037841797,166.89999389648438,167.3260040283203
166.89999389648438,167.3260040283203,165.08399963378906
167.3260040283203,165.08399963378906,161.84950256347656
165.08399963378906,161.84950256347656,167.51300048828125
161.84950256347656,167.51300048828125,171.38699340820312
167.51300048828125,171.38699340820312,171.6999969482422
171.38699340820312,171.6999969482422,167.35000610351562
171.6999969482422,167.35000610351562,168.85000610351562
167.35000610351562,168.85000610351562,168.25
168.85000610351562,168.25,166.89999389648438
168.25,166.89999389648438,165.8975067138672
166.89999389648438,165.8975067138672,164.60000610351562
165.8975067138672,164.60000610351562,164.0124969482422
164.60000610351562,164.0124969482422,165.4149932861328
164.0124969482422,165.4149932861328,166.04550170898438
165.4149932861328,166.04550170898438,166.89999389648438
166.04550170898438,166.89999389648438,166.6750030517578
166.89999389648438,166.6750030517578,161.61599731445312
166.6750030517578,161.61599731445312,160.2364959716797
161.61599731445312,160.2364959716797,158.56149291992188
160.2364959716797,158.56149291992188,158.91299438476562
158.56149291992188,158.91299438476562,156.1219940185547
158.91299438476562,156.1219940185547,157.47799682617188
156.1219940185547,157.47799682617188,158.17599487304688
157.47799682617188,158.17599487304688,155.38900756835938
158.17599487304688,155.38900756835938,152.9064941
155.38900756835938,152.9064941,150.4499969482422
152.9064941,150.4499969482422,153.22950744628906
150.4499969482422,153.22950744628906,154.54800415039062
153.22950744628906,154.54800415039062,155.822998
154.54800415039062,155.822998,156.58900451660156
155.822998,156.58900451660156,154.94900512695312
156.58900451660156,154.94900512695312,154.11199951171875
154.94900512695312,154.11199951171875,156.44549560546875
154.11199951171875,156.44549560546875,158.65249633789062
156.44549560546875,158.65249633789062,155.8314971923828
158.65249633789062,155.8314971923828,153.864502
155.8314971923828,153.864502,156.32899475097656
153.864502,156.32899475097656,159.10000610351562
156.32899475097656,159.10000610351562,158.0155029296875
159.10000610351562,158.0155029296875,155.48899841308594
158.0155029296875,155.48899841308594,152.83299255371094
155.48899841308594,152.83299255371094,154.5625
152.83299255371094,154.5625,153.64999389648438
154.5625,153.64999389648438,155.9665069580078
153.64999389648438,155.9665069580078,158.1219940185547
155.9665069580078,158.1219940185547,161.79800415039062
158.1219940185547,161.79800415039062,162.36549377441406
161.79800415039062,162.36549377441406,165.1804962158203
162.36549377441406,165.1804962158203,166.22500610351562
165.1804962158203,166.22500610351562,168.61000061035156
166.22500610351562,168.61000061035156,169.7519989013672
168.61000061035156,169.7519989013672,171.60000610351562
169.7519989013672,171.60000610351562,170.2064971923828
171.60000610351562,170.2064971923828,169.85000610351562
170.2064971923828,169.85000610351562,170.33999633789062
169.85000610351562,170.33999633789062,171.79649353027344
170.33999633789062,171.79649353027344,169.14950561523438
171.79649353027344,169.14950561523438,168.14300537109375
169.14950561523438,168.14300537109375,168.64349365234375
168.14300537109375,168.64349365234375,168.75
168.64349365234375,168.75,171.42250061035156
168.75,171.42250061035156,173.0
171.42250061035156,173.0,174.49400329589844
173.0,174.49400329589844,175.72250366210938
174.49400329589844,175.72250366210938,177.6999969482422
175.72250366210938,177.6999969482422,174.33250427246094
177.6999969482422,174.33250427246094,168.3990020751953
174.33250427246094,168.3990020751953,167.73500061035156
168.3990020751953,167.73500061035156,165.72000122070312
167.73500061035156,165.72000122070312,166.54449462890625
165.72000122070312,166.54449462890625,164.14999389648438
166.54449462890625,164.14999389648438,161.89999389648438
164.14999389648438,161.89999389648438,160.39700317382812
161.89999389648438,160.39700317382812,160.19200134277344
160.39700317382812,160.19200134277344,161.4429931640625
160.19200134277344,161.4429931640625,164.6374969482422
161.4429931640625,164.6374969482422,165.60000610351562
164.6374969482422,165.60000610351562,161.7375030517578
165.60000610351562,161.7375030517578,162.98399353027344
161.7375030517578,162.98399353027344,162.83450317382812
162.98399353027344,162.83450317382812,162.8975067138672
162.83450317382812,162.8975067138672,163.99099731445312
162.8975067138672,163.99099731445312,164.7864990234375
163.99099731445312,164.7864990234375,163.01800537109375
164.7864990234375,163.01800537109375,162.39950561523438
163.01800537109375,162.39950561523438,162.5489959716797
162.39950561523438,162.5489959716797,161.75
162.5489959716797,161.75,160.7220001220703
161.75,160.7220001220703,161.0500030517578
160.7220001220703,161.0500030517578,160.39999389648438
161.0500030517578,160.39999389648438,163.97650146484375
160.39999389648438,163.97650146484375,164.87899780273438
163.97650146484375,164.87899780273438,167.5500030517578
164.87899780273438,167.5500030517578,168.32899475097656
167.5500030517578,168.32899475097656,169.25
168.32899475097656,169.25,169.84950256347656
169.25,169.84950256347656,171.3175048828125
169.84950256347656,171.3175048828125,174.86000061035156
171.3175048828125,174.86000061035156,175.35000610351562
174.86000061035156,175.35000610351562,174.10000610351562
175.35000610351562,174.10000610351562,176.18899536132812
174.10000610351562,176.18899536132812,176.0500030517578
176.18899536132812,176.0500030517578,176.2429962158203
176.0500030517578,176.2429962158203,173.24099731445312
176.2429962158203,173.24099731445312,172.39999389648438
173.24099731445312,172.39999389648438,172.80149841308594
172.39999389648438,172.80149841308594,173.5800018310547
172.80149841308594,173.5800018310547,172.85000610351562
173.5800018310547,172.85000610351562,175.58599853515625
172.85000610351562,175.58599853515625,184.2740020751953
175.58599853515625,184.2740020751953,186.7100067138672
184.2740020751953,186.7100067138672,187.9994964599609
186.7100067138672,187.9994964599609,187.3999938964844
187.9994964599609,187.3999938964844,187.864502
187.3999938964844,187.864502,188.6540069580078
187.864502,188.6540069580078,185.88299560546875
188.6540069580078,185.88299560546875,184.7700042724609
185.88299560546875,184.7700042724609,182.3029937744141
184.7700042724609,182.3029937744141,177.510498
182.3029937744141,177.510498,179.60000610351562
177.510498,179.60000610351562,179.32249450683594
179.60000610351562,179.32249450683594,182.00100708007807
179.32249450683594,182.00100708007807,183.3054962158203
182.00100708007807,183.3054962158203,185.6040039
183.3054962158203,185.6040039,184.9250030517578
185.6040039,184.9250030517578,182.92100524902344
184.9250030517578,182.92100524902344,181.8975067138672
182.92100524902344,181.8975067138672,168.40699768066406
181.8975067138672,168.40699768066406,167.9459991455078
168.40699768066406,167.9459991455078,169.5500030517578
167.9459991455078,169.5500030517578,169.44400024414062
169.5500030517578,169.44400024414062,169.4499969482422
169.44400024414062,169.4499969482422,168.75
169.4499969482422,168.75,167.74400329589844
168.75,167.74400329589844,167.89999389648438
167.74400329589844,167.89999389648438,166.88499450683594
167.89999389648438,166.88499450683594,165.72549438476562
166.88499450683594,165.72549438476562,165.30349731445312
165.72549438476562,165.30349731445312,165.0
165.30349731445312,165.0,164.02450561523438
165.0,164.02450561523438,162.7050018310547
164.02450561523438,162.7050018310547,161.64999389648438
162.7050018310547,161.64999389648438,160.3905029296875
161.64999389648438,160.3905029296875,164.0449981689453
160.3905029296875,164.0449981689453,165.77450561523438
164.0449981689453,165.77450561523438,166.0500030517578
165.77450561523438,166.0500030517578,166.60000610351562
166.0500030517578,166.60000610351562,167.61599731445312
166.60000610351562,167.61599731445312,172.25
167.61599731445312,172.25,173.62899780273438
172.25,173.62899780273438,176.35000610351562
173.62899780273438,176.35000610351562,175.59800720214844
176.35000610351562,175.59800720214844,174.1334991455078
175.59800720214844,174.1334991455078,176.4044952392578
174.1334991455078,176.4044952392578,177.2814941
176.4044952392578,177.2814941,177.49949645996094
177.2814941,177.49949645996094,175.42250061035156
177.49949645996094,175.42250061035156,174.8979949951172
175.42250061035156,174.8979949951172,174.3404998779297
174.8979949951172,174.3404998779297,174.2709961
174.3404998779297,174.2709961,174.62750244140625
174.2709961,174.62750244140625,174.87049865722656
174.62750244140625,174.87049865722656,170.9499969482422
174.87049865722656,170.9499969482422,168.98500061035156
170.9499969482422,168.98500061035156,169.4499969482422
168.98500061035156,169.4499969482422,171.447998
169.4499969482422,171.447998,171.46299743652344
171.447998,171.46299743652344,170.77850341796875
171.46299743652344,170.77850341796875,168.45950317382812
170.77850341796875,168.45950317382812,167.56500244140625
168.45950317382812,167.56500244140625,166.3925018310547
167.56500244140625,166.3925018310547,165.4584961
166.3925018310547,165.4584961,163.99949645996094
165.4584961,163.99949645996094,163.0364990234375
163.99949645996094,163.0364990234375,163.2169952392578
163.0364990234375,163.2169952392578,166.28750610351562
163.2169952392578,166.28750610351562,166.07150268554688
166.28750610351562,166.07150268554688,164.62950134277344
166.07150268554688,164.62950134277344,163.37649536132812
164.62950134277344,163.37649536132812,164.41900634765625
163.37649536132812,164.41900634765625,165.6300048828125
164.41900634765625,165.6300048828125,170.5209961
165.6300048828125,170.5209961,172.4584961
170.5209961,172.4584961,172.7344970703125
172.4584961,172.7344970703125,173.14300537109375
172.7344970703125,173.14300537109375,172.01400756835938
173.14300537109375,172.01400756835938,171.49200439453125
172.01400756835938,171.49200439453125,167.38999938964844
171.49200439453125,167.38999938964844,170.80599975585938
167.38999938964844,170.80599975585938,171.85000610351562
170.80599975585938,171.85000610351562,173.9499969482422
171.85000610351562,173.9499969482422,168.74099731445312
173.9499969482422,168.74099731445312,168.79299926757812
168.74099731445312,168.79299926757812,166.55599975585938
168.79299926757812,166.55599975585938,169.74600219726562
166.55599975585938,169.74600219726562,174.93150329589844
169.74600219726562,174.93150329589844,178.3125
174.93150329589844,178.3125,178.9499969482422
178.3125,178.9499969482422,179.68850708007812
178.9499969482422,179.68850708007812,180.2725067138672
179.68850708007812,180.2725067138672,177.16200256347656
180.2725067138672,177.16200256347656,177.0364990234375
177.16200256347656,177.0364990234375,179.69400024414062
177.0364990234375,179.69400024414062,178.8249969482422
179.69400024414062,178.8249969482422,179.3625030517578
178.8249969482422,179.3625030517578,185.2100067138672
179.3625030517578,185.2100067138672,188.1074981689453
185.2100067138672,188.1074981689453,185.67300415039065
188.1074981689453,185.67300415039065,181.0525054931641
185.67300415039065,181.0525054931641,180.6820068359375
181.0525054931641,180.6820068359375,181.6750030517578
180.6820068359375,181.6750030517578,179.8000030517578
181.6750030517578,179.8000030517578,179.2884979248047
179.8000030517578,179.2884979248047,177.99400329589844
179.2884979248047,177.99400329589844,174.63499450683594
177.99400329589844,174.63499450683594,173.49349975585938
174.63499450683594,173.49349975585938,173.69549560546875
173.49349975585938,173.69549560546875,177.49949645996094
173.69549560546875,177.49949645996094,177.17999267578125
177.49949645996094,177.17999267578125,176.96949768066406
177.17999267578125,176.96949768066406,175.927002
176.96949768066406,175.927002,172.10000610351562
175.927002,172.10000610351562,169.49899291992188
172.10000610351562,169.49899291992188,173.60000610351562
169.49899291992188,173.60000610351562,174.16600036621094
173.60000610351562,174.16600036621094,170.89849853515625
174.16600036621094,170.89849853515625,167.87449645996094
170.89849853515625,167.87449645996094,170.7165069580078
167.87449645996094,170.7165069580078,172.0500030517578
170.7165069580078,172.0500030517578,171.97500610351562
172.0500030517578,171.97500610351562,172.9429931640625
171.97500610351562,172.9429931640625,172.17599487304688
172.9429931640625,172.17599487304688,171.21200561523438
172.17599487304688,171.21200561523438,170.88800048828125
171.21200561523438,170.88800048828125,169.35000610351562
170.88800048828125,169.35000610351562,170.70350646972656
169.35000610351562,170.70350646972656,171.39999389648438
170.70350646972656,171.39999389648438,167.12649536132812
171.39999389648438,167.12649536132812,164.8000030517578
167.12649536132812,164.8000030517578,165.24349975585938
164.8000030517578,165.24349975585938,161.6614990234375
165.24349975585938,161.6614990234375,166.35000610351562
161.6614990234375,166.35000610351562,166.8780059814453
166.35000610351562,166.8780059814453,166.22149658203125
166.8780059814453,166.22149658203125,162.25
166.22149658203125,162.25,159.7344970703125
162.25,159.7344970703125,159.25
159.7344970703125,159.25,158.0
159.25,158.0,150.89999389648438
158.0,150.89999389648438,144.94500732421875
150.89999389648438,144.94500732421875,143.60000610351562
144.94500732421875,143.60000610351562,145.18499755859375
143.60000610351562,145.18499755859375,144.24349975585938
145.18499755859375,144.24349975585938,143.9980010986328
144.24349975585938,143.9980010986328,150.36050415039062
143.9980010986328,150.36050415039062,151.70799255371094
150.36050415039062,151.70799255371094,155.0749969482422
151.70799255371094,155.0749969482422,144.24749755859375
155.0749969482422,144.24749755859375,161.1999969482422
144.24749755859375,161.1999969482422,162.6909942626953
161.1999969482422,162.6909942626953,161.79249572753906
162.6909942626953,161.79249572753906,163.83450317382812
161.79249572753906,163.83450317382812,160.7165069580078
163.83450317382812,160.7165069580078,159.0
160.7165069580078,159.0,158.44850158691406
159.0,158.44850158691406,158.0070037841797
158.44850158691406,158.0070037841797,158.83399963378906
158.0070037841797,158.83399963378906,160.3489990234375
158.83399963378906,160.3489990234375,155.49949645996094
160.3489990234375,155.49949645996094,152.9824981689453
155.49949645996094,152.9824981689453,151.76300048828125
152.9824981689453,151.76300048828125,151.74899291992188
151.76300048828125,151.74899291992188,153.99000549316406
151.74899291992188,153.99000549316406,154.4499969482422
153.99000549316406,154.4499969482422,154.0989990234375
154.4499969482422,154.0989990234375,152.99949645996094
154.0989990234375,152.99949645996094,153.9290008544922
152.99949645996094,153.9290008544922,147.85000610351562
153.9290008544922,147.85000610351562,146.09449768066406
147.85000610351562,146.09449768066406,140.69949340820312
146.09449768066406,140.69949340820312,140.25
140.69949340820312,140.25,148.67449951171875
140.25,148.67449951171875,149.6750030517578
148.67449951171875,149.6750030517578,147.4499969482422
149.6750030517578,147.4499969482422,147.98500061035156
147.4499969482422,147.98500061035156,153.14999389648438
147.98500061035156,153.14999389648438,157.49850463867188
153.14999389648438,157.49850463867188,161.5939941
157.49850463867188,161.5939941,163.08399963378906
161.5939941,163.08399963378906,166.16700744628906
163.08399963378906,166.16700744628906,166.3699951171875
166.16700744628906,166.3699951171875,164.11849975585938
166.3699951171875,164.11849975585938,165.36849975585938
164.11849975585938,165.36849975585938,169.03750610351562
165.36849975585938,169.03750610351562,170.8314971923828
169.03750610351562,170.8314971923828,168.95050048828125
170.8314971923828,168.95050048828125,166.4949951171875
168.95050048828125,166.4949951171875,165.82699584960938
166.4949951171875,165.82699584960938,168.39450073242188
165.82699584960938,168.39450073242188,168.11050415039062
168.39450073242188,168.11050415039062,162.1999969482422
168.11050415039062,162.1999969482422,160.07899475097656
162.1999969482422,160.07899475097656,157.36849975585938
160.07899475097656,157.36849975585938,154.13650512695312
157.36849975585938,154.13650512695312,155.0989990234375
154.13650512695312,155.0989990234375,156.02499389648438
155.0989990234375,156.02499389648438,155.89700317382812
156.02499389648438,155.89700317382812,154.0395050048828
155.89700317382812,154.0395050048828,158.6490020751953
154.0395050048828,158.6490020751953,157.6024932861328
158.6490020751953,157.6024932861328,156.73800659179688
157.6024932861328,156.73800659179688,149.61500549316406
156.73800659179688,149.61500549316406,146.22149658203125
149.61500549316406,146.22149658203125,144.8560028076172
146.22149658203125,144.8560028076172,141.94850158691406
144.8560028076172,141.94850158691406,145.9375
141.94850158691406,145.9375,130.76100158691406
145.9375,130.76100158691406,124.66799926757812
130.76100158691406,124.66799926757812,126.22049713134766
124.66799926757812,126.22049713134766,126.0
126.22049713134766,126.0,123.4990005493164
126.0,123.4990005493164,119.05049896240234
123.4990005493164,119.05049896240234,114.0
119.05049896240234,114.0,112.64250183105467
114.0,112.64250183105467,110.15599822998048
112.64250183105467,110.15599822998048,110.78050231933594
110.15599822998048,110.78050231933594,113.18399810791016
110.78050231933594,113.18399810791016,113.99250030517578
113.18399810791016,113.99250030517578,115.8000030517578
113.99250030517578,115.8000030517578,112.85299682617188
115.8000030517578,112.85299682617188,110.03399658203124
112.85299682617188,110.03399658203124,109.89800262451172
110.03399658203124,109.89800262451172,108.81900024414062
109.89800262451172,108.81900024414062,105.4000015258789
108.81900024414062,105.4000015258789,108.1750030517578
105.4000015258789,108.1750030517578,112.66549682617188
108.1750030517578,112.66549682617188,115.18699645996094
112.66549682617188,115.18699645996094,121.99449920654295
115.18699645996094,121.99449920654295,125.1790008544922
121.99449920654295,125.1790008544922,125.61000061035156
125.1790008544922,125.61000061035156,124.4000015258789
125.61000061035156,124.4000015258789,128.99000549316406
124.4000015258789,128.99000549316406,124.0999984741211
128.99000549316406,124.0999984741211,123.75
124.0999984741211,123.75,121.3000030517578
123.75,121.3000030517578,114.5
121.3000030517578,114.5,106.54000091552734
114.5,106.54000091552734,104.87999725341795
106.54000091552734,104.87999725341795,109.05999755859376
104.87999725341795,109.05999755859376,104.58000183105467
109.05999755859376,104.58000183105467,106.9800033569336
104.58000183105467,106.9800033569336,111.62999725341795
106.9800033569336,111.62999725341795,112.12999725341795
111.62999725341795,112.12999725341795,113.0
112.12999725341795,113.0,116.70999908447266
113.0,116.70999908447266,117.9800033569336
116.70999908447266,117.9800033569336,114.8499984741211
117.9800033569336,114.8499984741211,110.98999786376952
114.8499984741211,110.98999786376952,108.18000030517578
110.98999786376952,108.18000030517578,109.75
108.18000030517578,109.75,114.08000183105467
109.75,114.08000183105467,115.4800033569336
114.08000183105467,115.4800033569336,116.98999786376952
115.4800033569336,116.98999786376952,116.58000183105467
116.98999786376952,116.58000183105467,114.3000030517578
116.58000183105467,114.3000030517578,113.2300033569336
114.3000030517578,113.2300033569336,111.77999877929688
113.2300033569336,111.77999877929688,111.18000030517578
111.77999877929688,111.18000030517578,115.58999633789062
111.18000030517578,115.58999633789062,117.23999786376952
115.58999633789062,117.23999786376952,118.9499969482422
117.23999786376952,118.9499969482422,123.4800033569336
118.9499969482422,123.4800033569336,124.8499984741211
123.4800033569336,124.8499984741211,125.5
124.8499984741211,125.5,123.63999938964844
125.5,123.63999938964844,118.1500015258789
123.63999938964844,118.1500015258789,121.9000015258789
118.1500015258789,121.9000015258789,122.83999633789062
121.9000015258789,122.83999633789062,137.64999389648438
122.83999633789062,137.64999389648438,138.8300018310547
137.64999389648438,138.8300018310547,137.44000244140625
138.8300018310547,137.44000244140625,140.49000549316406
137.44000244140625,140.49000549316406,143.55999755859375
140.49000549316406,143.55999755859375,142.86000061035156
143.55999755859375,142.86000061035156,144.22999572753906
142.86000061035156,144.22999572753906,138.9499969482422
144.22999572753906,138.9499969482422,144.60000610351562
138.9499969482422,144.60000610351562,144.49000549316406
144.60000610351562,144.49000549316406,143.57000732421875
144.49000549316406,143.57000732421875,143.75999450683594
143.57000732421875,143.75999450683594,146.57000732421875
143.75999450683594,146.57000732421875,143.3800048828125
146.57000732421875,143.3800048828125,142.77000427246094
143.3800048828125,142.77000427246094,141.11000061035156
142.77000427246094,141.11000061035156,136.32000732421875
141.11000061035156,136.32000732421875,134.99000549316406
136.32000732421875,134.99000549316406,135.47000122070312
134.99000549316406,135.47000122070312,137.4199981689453
135.47000122070312,137.4199981689453,137.8300018310547
137.4199981689453,137.8300018310547,131.9499969482422
137.8300018310547,131.9499969482422,132.07000732421875
131.9499969482422,132.07000732421875,130.58999633789062
132.07000732421875,130.58999633789062,128.02000427246094
130.58999633789062,128.02000427246094,131.3800048828125
128.02000427246094,131.3800048828125,128.6199951171875
131.3800048828125,128.6199951171875,129.82000732421875
128.6199951171875,129.82000732421875,130.27999877929688
129.82000732421875,130.27999877929688,133.69000244140625
130.27999877929688,133.69000244140625,136.49000549316406
133.69000244140625,136.49000549316406,131.39999389648438
136.49000549316406,131.39999389648438,128.83999633789062
131.39999389648438,128.83999633789062,130.3699951171875
128.83999633789062,130.3699951171875,123.87000274658205
130.3699951171875,123.87000274658205,124.70999908447266
123.87000274658205,124.70999908447266,124.4000015258789
124.70999908447266,124.4000015258789,123.76000213623048
124.4000015258789,123.76000213623048,118.79000091552734
123.76000213623048,118.79000091552734,116.0500030517578
118.79000091552734,116.0500030517578,117.33999633789062
116.0500030517578,117.33999633789062,118.31999969482422
117.33999633789062,118.31999969482422,118.6999969482422
118.31999969482422,118.6999969482422,116.06999969482422
118.6999969482422,116.06999969482422,116.91999816894533
116.06999969482422,116.91999816894533,116.91000366210938
116.91999816894533,116.91000366210938,123.0
116.91000366210938,123.0,121.75
123.0,121.75,121.52999877929688
121.75,121.52999877929688,118.16999816894533
121.52999877929688,118.16999816894533,116.25
118.16999816894533,116.25,115.4800033569336
116.25,115.4800033569336,113.83000183105467
115.4800033569336,113.83000183105467,113.44000244140624
113.83000183105467,113.44000244140624,114.95999908447266
113.44000244140624,114.95999908447266,114.19000244140624
114.95999908447266,114.19000244140624,119.5199966430664
114.19000244140624,119.5199966430664,116.58999633789062
119.5199966430664,116.58999633789062,118.23999786376952
116.58999633789062,118.23999786376952,119.58999633789062
118.23999786376952,119.58999633789062,120.38999938964844
119.58999633789062,120.38999938964844,121.31999969482422
120.38999938964844,121.31999969482422,119.3499984741211
121.31999969482422,119.3499984741211,114.12000274658205
119.3499984741211,114.12000274658205,103.95999908447266
114.12000274658205,103.95999908447266,104.87000274658205
103.95999908447266,104.87000274658205,104.58000183105467
104.87000274658205,104.58000183105467,97.73999786376952
104.58000183105467,97.73999786376952,93.5
97.73999786376952,93.5,92.44000244140624
93.5,92.44000244140624,92.09999847
92.44000244140624,92.09999847,91.72000122070312
92.09999847,91.72000122070312,89.48000336
91.72000122070312,89.48000336,98.69000244140624
89.48000336,98.69000244140624,101.19000244140624
98.69000244140624,101.19000244140624,100.12000274658205
101.19000244140624,100.12000274658205,103.79000091552734
100.12000274658205,103.79000091552734,98.48999786376952
103.79000091552734,98.48999786376952,96.97000122070312
98.48999786376952,96.97000122070312,95.98999786376952
96.97000122070312,95.98999786376952,95.01999664
95.98999786376952,95.01999664,93.34999847
95.01999664,93.34999847,94.58000183105467
93.34999847,94.58000183105467,94.43000030517578
94.58000183105467,94.43000030517578,96.40000153
94.43000030517578,96.40000153,94.41000366210938
96.40000153,94.41000366210938,96.54000091552734
94.41000366210938,96.54000091552734,97.23000336
96.54000091552734,97.23000336,95.36000061035156
97.23000336,95.36000061035156,94.05999755859376
95.36000061035156,94.05999755859376,91.04000091552734
94.05999755859376,91.04000091552734,89.88999938964844
91.04000091552734,89.88999938964844,90.86000061035156
89.88999938964844,90.86000061035156,90.30000305
90.86000061035156,90.30000305,90.58000183105467
90.30000305,90.58000183105467,96.25
90.58000183105467,96.25,93.45999908447266
96.25,93.45999908447266,89.97000122070312
93.45999908447266,89.97000122070312,89.34999847
89.97000122070312,89.34999847,87.62999725341797
89.34999847,87.62999725341797,86.61000061035156
87.62999725341797,86.61000061035156,87.23000336
86.61000061035156,87.23000336,85.68000030517578
87.23000336,85.68000030517578,85.77999877929688
85.68000030517578,85.77999877929688,85.34999847
85.77999877929688,85.34999847,83.48000336
85.34999847,83.48000336,84.55000305175781
83.48000336,84.55000305175781,84.05000305175781
84.55000305175781,84.05000305175781,86.95999908447266
84.05000305175781,86.95999908447266,86.98000336
86.95999908447266,86.98000336,85.41999816894531
86.98000336,85.41999816894531,86.40000153
85.41999816894531,86.40000153,89.48000336
86.40000153,89.48000336,90.19000244140624
89.48000336,90.19000244140624,95.26000213623048
90.19000244140624,95.26000213623048,97.19000244140624
95.26000213623048,97.19000244140624,98.37000274658205
97.19000244140624,98.37000274658205,98.88999938964844
98.37000274658205,98.88999938964844,99.31999969482422
98.88999938964844,99.31999969482422,95.44000244140624
99.31999969482422,95.44000244140624,97.34999847
95.44000244140624,97.34999847,97.77999877929688
97.34999847,97.77999877929688,98.08999633789062
97.77999877929688,98.08999633789062,97.23999786376952
98.08999633789062,97.23999786376952,99.48999786376952
97.23999786376952,99.48999786376952,103.48999786376952
99.48999786376952,103.48999786376952,101.73999786376952
103.48999786376952,101.73999786376952,103.3499984741211
101.73999786376952,103.3499984741211,106.23999786376952
103.3499984741211,106.23999786376952,114.0
106.23999786376952,114.0,108.77999877929688
114.0,108.77999877929688,103.9499969482422
108.77999877929688,103.9499969482422,102.41000366210938
103.9499969482422,102.41000366210938,102.66999816894533
102.41000366210938,102.66999816894533,101.77999877929688
102.66999816894533,101.77999877929688,98.81999969482422
101.77999877929688,98.81999969482422,99.68000030517578
98.81999969482422,99.68000030517578,100.91999816894533
99.68000030517578,100.91999816894533,101.16999816894533
100.91999816894533,101.16999816894533,100.62999725341795
101.16999816894533,100.62999725341795,97.94000244140624
100.62999725341795,97.94000244140624,95.61000061035156
97.94000244140624,95.61000061035156,97.01000213623048
95.61000061035156,97.01000213623048,96.43000030517578
97.01000213623048,96.43000030517578,94.13999938964844
96.43000030517578,94.13999938964844,94.77999877929688
94.13999938964844,94.77999877929688,94.69000244140624
94.77999877929688,94.69000244140624,94.68000030517578
94.69000244140624,94.68000030517578,92.23000336
94.68000030517578,92.23000336,94.94000244140624
92.23000336,94.94000244140624,96.55000305
94.94000244140624,96.55000305,95.08999633789062
96.55000305,95.08999633789062,94.16999816894533
95.08999633789062,94.16999816894533,96.20999908447266
94.16999816894533,96.20999908447266,93.56999969482422
96.20999908447266,93.56999969482422,94.01999664
93.56999969482422,94.01999664,95.06999969482422
94.01999664,95.06999969482422,96.66999816894533
95.06999969482422,96.66999816894533,100.98999786376952
96.66999816894533,100.98999786376952,100.66000366210938
100.98999786376952,100.66000366210938,98.48000336
100.66000366210938,98.48000336,100.8499984741211
98.48000336,100.8499984741211,102.0999984741211
100.8499984741211,102.0999984741211,101.05999755859376
102.0999984741211,101.05999755859376,98.30000305
101.05999755859376,98.30000305,99.33999633789062
98.30000305,99.33999633789062,98.44000244140624
99.33999633789062,98.44000244140624,100.41999816894533
98.44000244140624,100.41999816894533,103.04000091552734
100.41999816894533,103.04000091552734,103.48999786376952
103.04000091552734,103.48999786376952,103.29000091552734
103.48999786376952,103.29000091552734,104.1999969482422
103.29000091552734,104.1999969482422,103.91000366210938
104.1999969482422,103.91000366210938,102.37999725341795
103.91000366210938,102.37999725341795,102.1999969482422
102.37999725341795,102.1999969482422,101.0
102.1999969482422,101.0,100.51000213623048
101.0,100.51000213623048,102.56999969482422
100.51000213623048,102.56999969482422,103.1999969482422
102.56999969482422,103.1999969482422,103.7300033569336
103.1999969482422,103.7300033569336,104.1999969482422
103.7300033569336,104.1999969482422,105.12000274658205
104.1999969482422,105.12000274658205,105.25
105.12000274658205,105.25,108.1500015258789
105.25,108.1500015258789,109.2300033569336
108.1500015258789,109.2300033569336,105.4499969482422
109.2300033569336,105.4499969482422,106.62000274658205
105.4499969482422,106.62000274658205,110.86000061035156
106.62000274658205,110.86000061035156,109.4800033569336
110.86000061035156,109.4800033569336,105.2300033569336
109.4800033569336,105.2300033569336,103.9000015258789
105.2300033569336,103.9000015258789,105.95999908447266
103.9000015258789,105.95999908447266,105.38999938964844
105.95999908447266,105.38999938964844,105.76000213623048
105.38999938964844,105.76000213623048,106.0999984741211
105.76000213623048,106.0999984741211,106.79000091552734
106.0999984741211,106.79000091552734,110.66999816894533
106.79000091552734,110.66999816894533,113.27999877929688
110.66999816894533,113.27999877929688,112.63999938964844
113.27999877929688,112.63999938964844,112.29000091552734
112.63999938964844,112.29000091552734,114.79000091552734
112.29000091552734,114.79000091552734,115.83000183105467
114.79000091552734,115.83000183105467,118.5999984741211
115.83000183105467,118.5999984741211,118.30999755859376
118.5999984741211,118.30999755859376,116.7699966430664
118.30999755859376,116.7699966430664,117.13999938964844
116.7699966430664,117.13999938964844,117.33999633789062
117.13999938964844,117.33999633789062,116.87000274658205
117.33999633789062,116.87000274658205,121.5
116.87000274658205,121.5,122.91999816894533
121.5,122.91999816894533,122.04000091552734
122.91999816894533,122.04000091552734,123.48999786376952
122.04000091552734,123.48999786376952,126.38999938964844
123.48999786376952,126.38999938964844,125.8000030517578
126.38999938964844,125.8000030517578,127.4000015258789
125.8000030517578,127.4000015258789,127.37000274658205
127.4000015258789,127.37000274658205,125.62999725341795
127.37000274658205,125.62999725341795,125.8000030517578
125.62999725341795,125.8000030517578,126.77999877929688
125.8000030517578,126.77999877929688,128.41000366210938
126.77999877929688,128.41000366210938,126.9499969482422
128.41000366210938,126.9499969482422,127.69000244140624
126.9499969482422,127.69000244140624,127.9000015258789
127.69000244140624,127.9000015258789,127.25
127.9000015258789,127.25,126.7300033569336
127.25,126.7300033569336,130.3300018310547
126.7300033569336,130.3300018310547,130.83999633789062
130.3300018310547,130.83999633789062,131.49000549316406
130.83999633789062,131.49000549316406,130.08999633789062
131.49000549316406,130.08999633789062,131.47999572753906
130.08999633789062,131.47999572753906,129.25999450683594
131.47999572753906,129.25999450683594,131.25
129.25999450683594,131.25,131.85000610351562
131.25,131.85000610351562,131.39999389648438
131.85000610351562,131.39999389648438,128.72999572753906
131.39999389648438,128.72999572753906,130.97000122070312
128.72999572753906,130.97000122070312,129.27999877929688
130.97000122070312,129.27999877929688,129.77000427246094
129.27999877929688,129.77000427246094,131.25999450683594
129.77000427246094,131.25999450683594,134.6699981689453
131.25999450683594,134.6699981689453,136.64999389648438
134.6699981689453,136.64999389648438,135.6199951171875
136.64999389648438,135.6199951171875,133.86000061035156
135.6199951171875,133.86000061035156,135.99000549316406
133.86000061035156,135.99000549316406,134.7899932861328
135.99000549316406,134.7899932861328,131.3699951171875
134.7899932861328,131.3699951171875,131.66000366210938
131.3699951171875,131.66000366210938,129.5800018310547
131.66000366210938,129.5800018310547,129.0800018310547
129.5800018310547,129.0800018310547,132.6300048828125
129.0800018310547,132.6300048828125,133.00999450683594
132.6300048828125,133.00999450683594,133.8699951171875
133.00999450683594,133.8699951171875,133.69000244140625
133.8699951171875,133.69000244140625,130.22999572753906
133.69000244140625,130.22999572753906,129.83999633789062
130.22999572753906,129.83999633789062,143.6300048828125
129.83999633789062,143.6300048828125,142.5399932861328
143.6300048828125,142.5399932861328,140.83999633789062
142.5399932861328,140.83999633789062,140.32000732421875
140.83999633789062,140.32000732421875,140.41000366210938
140.32000732421875,140.41000366210938,139.3300018310547
140.41000366210938,139.3300018310547,140.58999633789062
139.3300018310547,140.58999633789062,141.27999877929688
140.58999633789062,141.27999877929688,137.27000427246094
141.27999877929688,137.27000427246094,136.08999633789062
137.27000427246094,136.08999633789062,134.07000732421875
136.08999633789062,134.07000732421875,135.19000244140625
134.07000732421875,135.19000244140625,135.64999389648438
135.19000244140625,135.64999389648438,135.9499969482422
135.64999389648438,135.9499969482422,136.77999877929688
135.9499969482422,136.77999877929688,133.8699951171875
136.77999877929688,133.8699951171875,133.9499969482422
133.8699951171875,133.9499969482422,135.13999938964844
133.9499969482422,135.13999938964844,135.67999267578125
135.13999938964844,135.67999267578125,138.7899932861328
135.67999267578125,138.7899932861328,139.9600067138672
138.7899932861328,139.9600067138672,137.8000030517578
139.9600067138672,137.8000030517578,137.4499969482422
137.8000030517578,137.4499969482422,138.02999877929688
137.4499969482422,138.02999877929688,138.85000610351562
138.02999877929688,138.85000610351562,143.6199951171875
138.85000610351562,143.6199951171875,143.0
143.6199951171875,143.0,144.97999572753906
143.0,144.97999572753906,145.86000061035156
144.97999572753906,145.86000061035156,143.57000732421875
145.86000061035156,143.57000732421875,141.75
143.57000732421875,141.75,138.83999633789062
141.75,138.83999633789062,139.3699951171875
138.83999633789062,139.3699951171875,132.24000549316406
139.3699951171875,132.24000549316406,132.02999877929688
132.24000549316406,132.02999877929688,131.77999877929688
132.02999877929688,131.77999877929688,130.38999938964844
131.77999877929688,130.38999938964844,127.4800033569336
130.38999938964844,127.4800033569336,126.58000183105467
127.4800033569336,126.58000183105467,129.14999389648438
126.58000183105467,129.14999389648438,130.47000122070312
129.14999389648438,130.47000122070312,128.52000427246094
130.47000122070312,128.52000427246094,127.36000061035156
128.52000427246094,127.36000061035156,126.7300033569336
127.36000061035156,126.7300033569336,128.4499969482422
126.7300033569336,128.4499969482422,128.7899932861328
128.4499969482422,128.7899932861328,130.74000549316406
128.7899932861328,130.74000549316406,132.0500030517578
130.74000549316406,132.0500030517578,134.47999572753906
132.0500030517578,134.47999572753906,133.30999755859375
134.47999572753906,133.30999755859375,133.07000732421875
133.30999755859375,133.07000732421875,132.5800018310547
133.07000732421875,132.5800018310547,130.6699981689453
132.5800018310547,130.6699981689453,132.24000549316406
130.6699981689453,132.24000549316406,128.1699981689453
132.24000549316406,128.1699981689453,127.87999725341795
128.1699981689453,127.87999725341795,128.8000030517578
127.87999725341795,128.8000030517578,126.33999633789062
128.8000030517578,126.33999633789062,121.63999938964844
126.33999633789062,121.63999938964844,130.02000427246094
121.63999938964844,130.02000427246094,133.0
130.02000427246094,133.0,133.57000732421875
133.0,133.57000732421875,137.35000610351562
133.57000732421875,137.35000610351562,138.80999755859375
137.35000610351562,138.80999755859375,139.49000549316406
138.80999755859375,139.49000549316406,140.72999572753906
139.49000549316406,140.72999572753906,143.3699951171875
140.72999572753906,143.3699951171875,143.1199951171875
143.3699951171875,143.1199951171875,142.64999389648438
143.1199951171875,142.64999389648438,143.64999389648438
142.64999389648438,143.64999389648438,143.22999572753906
143.64999389648438,143.22999572753906,147.25999450683594
143.22999572753906,147.25999450683594,147.2899932861328
147.25999450683594,147.2899932861328,143.32000732421875
147.2899932861328,143.32000732421875,145.22999572753906
143.32000732421875,145.22999572753906,146.6300048828125
145.22999572753906,146.6300048828125,144.0500030517578
146.6300048828125,144.0500030517578,147.74000549316406
144.0500030517578,147.74000549316406,147.1999969482422
147.74000549316406,147.1999969482422,149.25999450683594
147.1999969482422,149.25999450683594,147.60000610351562
149.25999450683594,147.60000610351562,148.5399932861328
147.60000610351562,148.5399932861328,146.92999267578125
148.5399932861328,146.92999267578125,147.25
146.92999267578125,147.25,145.35000610351562
147.25,145.35000610351562,148.57000732421875
145.35000610351562,148.57000732421875,147.85000610351562
148.57000732421875,147.85000610351562,147.9199981689453
147.85000610351562,147.9199981689453,147.83999633789062
147.9199981689453,147.83999633789062,146.19000244140625
147.83999633789062,146.19000244140625,147.5
146.19000244140625,147.5,149.4600067138672
147.5,149.4600067138672,150.5399932861328
149.4600067138672,150.5399932861328,150.57000732421875
150.5399932861328,150.57000732421875,154.85000610351562
150.57000732421875,154.85000610351562,155.1199951171875
154.85000610351562,155.1199951171875,155.6300048828125
155.1199951171875,155.6300048828125,153.97000122070312
155.6300048828125,153.97000122070312,154.35000610351562
153.97000122070312,154.35000610351562,153.97999572753906
154.35000610351562,153.97999572753906,154.77999877929688
153.97999572753906,154.77999877929688,154.0800018310547
154.77999877929688,154.0800018310547,153.88999938964844
154.0800018310547,153.88999938964844,152.3800048828125
153.88999938964844,152.3800048828125,151.0500030517578
152.3800048828125,151.0500030517578,147.3800048828125
151.0500030517578,147.3800048828125,146.58999633789062
147.3800048828125,146.58999633789062,149.39999389648438
146.58999633789062,149.39999389648438,151.7100067138672
149.39999389648438,151.7100067138672,154.4199981689453
151.7100067138672,154.4199981689453,157.1699981689453
154.4199981689453,157.1699981689453,156.1999969482422
